직원id,학교명,학과,전공명,입학일자,졸업일자,학력,졸업여부,최종학력여부,부전공명,지역
1,문산고등학교,,,1973/03/02,1976/02/24,고졸,졸업,,,
1,문산중학교,,,1967/03/02,1973/02/24,중졸,졸업,,,
1,울산대학교경영대학원,,,,1995/02/24,대학원졸,졸업,001,,
2,,,,,,,,,,
3,,,,,,,,,,
4,동아대학교,회계학과,회계학,1985/03/04,1992/02/29,대졸,졸업,001,,
4,부산남중학교,,,1978/03/02,1981/02/24,중졸,졸업,,,
4,혜광고등학교,,,1981/03/02,1984/02/11,고졸,졸업,,,
5,,,,,,,,,,
6,거창대성고등학교,,,1988/03/02,1991/02/14,고졸,졸업,,,
6,울산전문대학,공업경영과,공업경영,1992/03/02,1997/02/04,전문대졸,졸업,001,,
7,경남대학교,회계학과,회계학,1988/03/02,1995/02/20,대졸,졸업,001,,
8,덕신초등학교,,,1986/03/02,1992/02/14,초등졸,졸업,,,
8,온산중학교,,,1992/03/02,1995/02/14,중졸,졸업,,,
8,울산공업고등학교,,,1995/03/05,1998/02/14,고졸,졸업,001,,
9,,,,,,,,,,
10,경주여자상업고등학교,,,1994/03/02,1997/02/13,고졸,졸업,,,
10,부산여자대학,,비서행정,1997/03/03,1999/02/27,전문대졸,졸업,,,
11,경상대학교,,산업공학전공,1988/03/02,1995/02/25,대졸,졸업,001,,
11,현대고등학교,,,1984/03/02,1986/02/24,고졸,졸업,,,
12,성동고등학교,,자연계,1988/03/02,1991/02/24,고졸,졸업,,,
12,인하공업전문대학,,기계과,1992/03/02,1997/02/24,전문대졸,졸업,001,,
12,한양중학교,,,1985/03/02,1988/02/24,중졸,졸업,,,
13,강남초등학교,,,1980/03/02,1986/02/25,초등졸,졸업,,,
13,대현중학교,,,1986/03/02,1989/02/23,중졸,졸업,,,
13,울산대학교,,산업공학,1993/03/03,2000/02/24,대졸,졸업,001,,
13,울산제일고등학교,,,1989/03/02,1992/02/24,고졸,졸업,,,
14,,,,,,,,,,
15,대성공업고등학교,,,1976/03/02,1979/02/24,고졸,졸업,001,,
16,,,,,,,,,,
17,울산과학대학,원자력과,원자력과,1993/03/03,1995/01/25,전문대졸,졸업,001,,
17,울산제일고등학교,,,1989/03/02,1992/02/12,고졸,졸업,,,
18,,,,,,,,,,
19,현대공업고등학교,,조선과,1978/03/02,1982/02/24,고졸,,001,,
20,,,,,,,,,,
21,동국대학교,,행정학과,1986/03/04,1993/02/24,대졸,졸업,001,,
21,문화고등학교,,,1982/03/02,1985/02/15,고졸,졸업,,,
22,동의공업고등학교,,기계과,1984/03/02,1987/02/24,고졸,졸업,001,,
23,,,,,,,,,,
24,광성고등학교,,,1986/03/02,1989/02/14,고졸,졸업,001,,
25,동의공업전문대학,,기계설계학과,1989/03/02,1994/02/24,전문대졸,졸업,,,
25,부경대학교,,기계설계학과,1994/03/02,1996/02/24,대졸,졸업,001,,
25,해운대고등학교,,,1985/03/02,1988/02/24,고졸,졸업,,,
26,울산공업고등학교,,전기과,1985/03/02,1988/02/24,고졸,졸업,,,
26,울산과학대학,,전기과,1996/03/02,1998/02/24,전문대졸,졸업,001,,
27,북평고등학교,,,1976/03/05,,,자퇴,001,,
28,울산남고등학교,,,1992/03/02,1995/02/13,고졸,졸업,,,
28,울산전문대학,,공업화학과,1995/03/02,1998/02/24,전문대졸,졸업,001,,
29,,,,,,,,,,
30,동양대학교,기계설계공학부,기계설계공학부,2001/03/05,2003/02/24,대졸,졸업,001,,
30,울산과학대학,,기계과,1996/03/02,2001/02/16,전문대졸,졸업,,,
30,울산제일고등학교,,자연계,1993/03/02,1996/02/24,고졸,졸업,,,
31,울산과학대학,세무회계과,세무회계학과,2001/03/02,2003/02/20,전문대졸,졸업,001,,
31,학성여자고등학교,,,1998/03/02,2001/02/14,고졸,졸업,,,
32,울산과학대학,전기전자학부,제어계측전공,1998/03/02,2003/02/20,전문대졸,졸업,001,,
33,울산경영정보고등학교,,정보처리과,1995/03/02,1998/02/24,고졸,졸업,,,
33,울산과학대학,,사무자동화과,1998/03/02,1999/05/02,,자퇴,,,
33,한국폴리텍대학,,자동화시스템과,2001/03/02,2003/02/24,전문대졸,졸업,001,,
34,울산대학교,,재료공학,1997/03/03,2004/02/20,대졸,졸업,001,,
35,김천대학,,산업디자인,1993/03/02,1995/02/24,전문대졸,졸업,,,
35,서울디지털대학교,,디지털영상,2003/03/02,2009/09/24,대졸,졸업,001,,
36,보성고등학교,,,1981/03/02,1984/02/24,고졸,졸업,,,
36,홍익대학교,기계공학과,,,1988/02/24,대졸,졸업,001,,
37,경남대학교,,기계설계,1994/03/02,2001/02/24,대졸,졸업,001,,
37,양정고등학교,,,1991/03/02,1994/02/24,고졸,졸업,,,
38,강릉대학교,,,2001/03/02,2005/02/24,대졸,졸업,001,,
38,하장고등학교,,,1998/03/02,2001/02/24,고졸,졸업,,,
38,하장중학교,,,1995/03/02,1998/02/24,중졸,졸업,,,
38,하장초등학교,,,1989/03/02,1995/02/24,초등졸,졸업,,,
39,안양여자상업고등학교,,,2000/03/02,2003/02/07,고졸,졸업,001,,
40,동의대학교,,경영학,1982/03/02,1990/02/24,대졸,졸업,001,,
41,,,,,,,,,,
42,,,,,,,,,,
43,,,,,,,,,,
44,,,,,,,,,,
45,,,,,,,,,,
46,,,,,,,,,,
47,부산동아대학교,전기전자컴퓨터공학부,전자공학전공,1994/03/02,2002/02/23,대졸,졸업,001,,
47,진주대아고등학교,,,1991/03/02,1994/02/24,고졸,졸업,,,
48,,,,,,,,,,
49,울산대학교,기계/자동차공학부,기계/자동차공학전공,1997/03/02,2006/02/17,대졸,졸업,001,,
49,포항영신고등학교,,,1994/03/02,1997/02/24,고졸,졸업,,,
50,,,,,,,,,,
51,경남대학교,기계공학과,기계공학과,1986/03/02,1994/02/24,대졸,졸업,001,,
51,사직고등학교,,,1983/03/02,1986/02/24,고졸,졸업,,,
52,울산과학대학,금형설계과,금형설계과,1990/03/02,1996/01/25,전문대졸,졸업,001,,
53,,,,,,,,,,
54,동의과학대학,,금형설계,1997/03/02,,,자퇴,,,
54,한국방송통신대학,,경영학과,2007/03/02,,,,,,
55,대구덕원고등학교,,,1989/03/02,1992/02/24,고졸,졸업,,,
55,영남대학교,,금속공학과,1992/03/02,2000/02/22,대졸,졸업,,,
56,,,,,,,,,,
57,삼천포공업고등학교,,기계설계,1983/03/02,1986/02/24,,,,,
57,울산대학교,,조선공학과,1986/03/02,1990/02/24,,,001,,
58,,,,,,,,,,
59,,,,,,,,,,
60,경주공업고등학교,,,1992/03/02,1995/02/24,고졸,졸업,,,
60,영남이공대학,,금속/금형설계과,1995/03/02,2002/02/24,대졸,졸업,001,,
61,성신고등학교,,,1991/03/02,1994/02/14,고졸,졸업,,,
61,울산대학교,,사학과,1994/03/02,2002/02/18,대졸,졸업,001,,
62,,,,,,,,,,
63,경주공업고등학교,,전기과,1994/03/02,1997/02/24,고졸,졸업,,,
63,안강중학교,,,1991/03/02,1994/02/24,중졸,졸업,,,
63,양동초등학교,,,1985/03/02,1991/02/24,초등졸,졸업,,,
63,울산대학교,,전기과,2002/03/02,2007/02/24,대졸,졸업,001,,
64,울산공업고등학교,,전기과,1997/03/02,2000/02/24,고졸,졸업,,,
64,울산기능대학,,전기과,2000/03/02,2002/02/24,전문대졸,졸업,001,,
64,울산언양중학교,,,1994/03/02,1997/02/24,중졸,졸업,,,
64,울주군반천초등학교,,,1988/03/02,1994/02/24,초등졸,졸업,,,
65,울산과학대학,,공업경영과,2001/03/02,2003/02/24,전문대졸,졸업,001,,
65,울산현대공업고등학교,,,1989/03/02,1992/02/24,고졸,졸업,,,
66,동서대학,,화학공학,1998/03/02,2003/02/24,,,,,
66,동아대학교,,화학공학,2003/03/02,2006/02/24,대졸,졸업,001,,
66,혜광고등학교,,,1995/03/02,1998/02/24,고졸,졸업,,,
67,,,,,,,,,,
68,부산외국어대학교,,독일어,1995/03/03,2004/02/20,대졸,졸업,001,,
68,부산중앙고등학교,,,1991/03/02,1994/02/15,고졸,졸업,,,
69,,,,,,,,,,
70,,,,,,,,,,
71,부경대학교,기계공학부,냉동공조/에너지시스템공학전공,1997/03/02,2005/02/25,대졸,졸업,001,,
71,부산남고등학교,,,1994/03/02,1997/02/24,고졸,졸업,,,
71,부산남중학교,,,1991/03/02,1994/02/24,중졸,졸업,,,
71,청학초등학교,,,1985/03/02,1991/02/24,초등졸,졸업,,,
72,부산동의전문대학,,기계설계과,1996/03/02,1998/02/15,전문대졸,졸업,,,
72,부산중앙고등학교,,,1987/03/02,1990/02/15,고졸,졸업,,,
72,Lawrence Technological University,,Mechanical Engineering,2000/08/26,2004/05/10,대졸,졸업,,,
72,Wayne State University(중퇴),,Blomedical Engineering,2005/05/16,        ,,수료,001,,
73,,,,,,,,,,
74,,,,,,,,,,
75,경성대학교,산업공학과,산업공학,2000/03/01,2007/02/22,대졸,졸업,001,,
75,동아고등학교,,,1996/03/01,1999/02/19,고졸,졸업,,,
76,,,,,,,,,,
77,,,,,,,,,,
78,,,,,,,,,,
79,울산대학교,생명화학공학부,생명환경공학전공,2002/03/02,2007/02/23,대졸,졸업,001,,
79,울산중앙여자고등학교,,,1999/03/02,2002/02/24,고졸,졸업,,,
80,,,,,,,,,,
81,,,,,,,,,,
82,마산고등학교,,,1968/03/02,1971/02/14,고졸,졸업,,,
82,부산대학교 ,,조선공학과,1971/03/02,1978/02/14,대졸,졸업,001,,
83,,,,,,,,,,
84,건국고등학교,,,1996/03/02,1999/02/24,고졸,졸업,,,
84,부경대학교,신소재공학부,금속시스템공학전공,2000/03/02,2007/02/23,대졸,졸업,001,,
85,공항고등학교,,,1997/03/02,2000/02/24,고졸,졸업,,,
85,인하대학교,,기계과,2001/03/02,2007/02/24,대졸,졸업,001,,
86,제일여자고등학교,,,1999/03/02,2002/02/14,고졸,졸업,,,
86,한국해양대학교,,냉동공조에너지,2002/03/02,2007/02/15,대졸,졸업,001,,
87,,,,,,,,,,
88,부경대학교,신소재공학부,재료공학전공,2004/03/02,2007/02/23,대졸,졸업,001,,
88,신정고등학교,,,1995/03/02,1998/02/24,고졸,졸업,,,
88,울산과학대학,공간디자인학부,건축전공,1999/03/02,2004/02/20,전문대졸,졸업,,,
89,울산대학교,첨단소재공학부,재료공학전공,2000/03/02,2007/02/23,대졸,졸업,001,,
89,울산제일고등학교,,,1997/03/02,2000/02/24,고졸,졸업,,,
90,대연고등학교,,,1990/03/02,1993/02/24,고졸,졸업,,,
90,부산대학교,,섬유공학과,1993/03/02,2000/02/24,대졸,졸업,001,,
90,성지중학교,,,1987/03/02,1990/02/24,중졸,졸업,,,
91,구서초등학교,,,1985/03/02,1991/02/24,초등졸,졸업,,,
91,남산고등학교,,,1994/03/02,1997/02/24,고졸,졸업,,,
91,남산중학교,,,1991/03/02,1994/02/24,중졸,졸업,,,
91,부경대학교,,신소재공학부,1997/03/02,2005/02/25,대졸,졸업,001,,
92,계명대학교,,국민윤리,1986/06/05,1992/02/20,대졸,졸업,001,,
92,문창고등학교,,,1983/03/05,1986/02/19,고졸,졸업,,,
93,,,,,,,,,,
94,울산대학교,첨단소재공학부,재료공학전공,2004/03/02,2007/02/23,대졸,졸업,001,,
94,위덕대학교,,,1999/03/02,2004/02/24,대졸,졸업,,,
94,홍명고등학교,,,1996/03/02,1999/02/24,고졸,졸업,,,
95,,,,,,,,,,
96,,,,,,,,,,
97,,,,,,,,,,
98,,,,,,,,,,
99,동원고등학교,,이공계,1996/03/02,1999/02/24,고졸,졸업,,,
99,호서대학교,,기계공학과,2000/03/02,2007/02/24,대졸,졸업,001,,
100,,,,,,,,,,
101,울산과학대학,,기계과,1991/03/02,1997/02/24,전문대졸,졸업,001,,
101,제일고등학교,,,1988/03/02,1991/02/24,고졸,졸업,,,
102,학성고등학교,,,1969/03/02,1972/02/24,고졸,졸업,001,,
103,,,,,,,,,,
104,,,,,,,,,,
105,선암초등학교,,,1981/03/02,1987/02/24,초등졸,졸업,,,
105,양산전문대학,,아동미술보육복지학과,2007/03/02,,,,,,
105,울산여자상업고등학교,,,1990/03/02,1993/02/24,고졸,졸업,001,,
105,태화여자중학교,,,1997/03/02,1990/02/24,중졸,졸업,,,
106,,,,,,,,,,
107,대전고등학교,,,1977/03/02,1980/02/14,고졸,졸업,,,
107,한양대학교 ,,기계공학과,1980/03/02,1984/02/14,대졸,졸업,001,,
108,,,,,,,,,,
109,,,,,,,,,,
110,,,,,,,,,,
111,경기대학교,,경영학과,1997/03/09,2001/02/10,대졸,졸업,001,,
111,수원 효원고등학교,,문과,1990/03/02,1993/02/14,고졸,졸업,,,
112,,,,,,,,,,
113,,,,,,,,,,
114,,,,,,,,,,
115,,,,,,,,,,
116,안동대학교 대학원,,기계공학,,1998/08/24,대학원졸,졸업,001,,
116,충주대학교,,기계설계,,1996/02/24,대졸,졸업,,,
116,현대공업고등학교,,조선과,1978/03/02,1981/02/24,고졸,졸업,,,
117,,,,,,,,,,
118,대덕여자고등학교,,자연계,2000/03/05,2003/02/18,고졸,졸업,,,
118,부경대학교,,화학과,2003/03/03,2007/08/30,대졸,졸업,001,,
118,사파중학교,,,1997/03/02,2000/02/24,중졸,졸업,,,
118,안남초등학교,,,1991/03/02,1997/02/24,초등졸,졸업,,,
119,,,,,,,,,,
120,,,,,,,,,,
121,,,,,,,,,,
122,,,,,,,,,,
123,울산대학교,,산업공학과,1993/03/02,2000/02/24,대졸,졸업,001,,
123,울산제일고등학교,,,1990/03/02,1993/02/24,고졸,졸업,,,
124,대성고등학교,,,1986/03/02,1989/02/24,고졸,졸업,001,,
125,경성대학교,,경영학과,1995/03/02,1999/02/24,대졸,졸업,001,,
125,부산상업고등학교,,,1986/03/02,1989/02/24,고졸,졸업,,,
126,,,,,,,,,,
127,울산대학교,전기전자정보시스템공학부,전기전자제어공학심화전공,2000/03/02,2007/02/15,대졸,졸업,001,,
128,경남정보대학,,정보통신과,2001/03/02,2006/02/24,전문대졸,졸업,,,
128,경원고등학교,,,1997/03/02,2000/02/24,고졸,졸업,,,
128,동아대학교,신소재/화학공학부,화학공학정공,2006/03/02,2008/02/24,대졸,졸업,001,,
128,부산중앙중학교,,,1994/03/02,1997/02/24,중졸,졸업,,,
129,,,,,,,,,,
130,,,,,,,,,,
131,,,,,,,,,,
132,,,,,,,,,,
133,부경대학교,,환경대기과학과,2002/03/02,2007/02/24,대졸,졸업,001,,
134,,,,,,,,,,
135,경주신라공업고등학교,,,1986/03/02,1989/02/24,고졸,졸업,001,,
136,경남함양종합고등학교,,,1981/03/02,1984/02/13,고졸,졸업,,,
136,부산전문대학,,공업경영학과,1985/03/05,1990/02/27,전문대졸,졸업,001,,
137,숭문고등학교,,,1995/03/02,1998/02/24,고졸,졸업,,,
137,인덕대학,,,1998/03/02,2003/02/24,전문대졸,졸업,,,
137,한양대학교,,기계공학부,2005/02/28,2008/02/15,대졸,졸업,001,,
138,,,,,,,,,,
139,호서대학교,,신소재공학,2000/02/29,2008/02/13,대졸,졸업,001,,
140,,,,,,,,,,
141,선린대학,,시각디자인,1994/03/02,2000/02/24,전문대졸,졸업,001,,
141,세명고등학교,,,1991/03/02,1994/02/24,고졸,졸업,,,
142,부산동아고등학교,,,1972/03/02,1975/02/24,고졸,졸업,,,
142,인하대학교,기계학과,기계학과,1975/03/02,1982/02/24,대졸,졸업,001,,
143,,,,,,,,,,
144,진해고등학교,,,1996/03/02,1999/02/11,고졸,졸업,,,
144,창원대학교,,토목공학과,1999/03/04,2007/02/16,대졸,졸업,001,,
145,한국해양대학교,,냉동공조공학,1997/03/02,2004/02/24,대졸,졸업,001,,
146,경성사대부속고등학교,,,1995/03/02,1998/02/24,고졸,졸업,,,
146,국립경상대학교,기계항공공학부,기계항공공학전공,1998/03/02,2005/08/24,대졸,졸업,001,,
147,,,,,,,,,,
148,부산대학교,무역/국제학부,무역학전공,1996/03/02,2003/02/21,대졸,졸업,001,,
148,해운대고등학교,,,1993/03/02,1996/02/24,고졸,졸업,,,
149,금오공과대학교,신소재시스템공학부,산업시스템공학전공,2000/03/02,2008/02/18,대졸,졸업,001,,
150,안동대학교,,기계공학부,2001/03/02,2008/02/27,대졸,졸업,001,,
150,포항영신고등학교,,,1998/03/02,2001/02/15,고졸,졸업,,,
151,부경대학교,신소재공학부,금속시스템공학전공,2002/03/02,2007/02/23,대졸,졸업,001,,
151,부산중앙여자고등학교,,,1999/03/02,2002/02/17,고졸,졸업,,,
152,,,,,,,,,,
153,경성대학교,신소재공학과,신소재공학전공,1999/03/02,2006/08/22,대졸,졸업,001,,
153,동천고등학교,,이과,1996/03/02,1999/02/24,고졸,졸업,,,
154,,,,,,,,,,
155,국민대학교,신소재공학부,재료공학전공,1999/03/02,2007/02/23,대졸,졸업,001,프로세스디자인공학전공,
156,대연고등학교,,,1996/03/02,1999/02/24,고졸,졸업,,,
156,동아대학교,기계산업시스템공학부,기계공학전공,1999/03/02,2004/02/20,대졸,졸업,001,,
157,,,,,,,,,,
158,,,,,,,,,,
159,,,,,,,,,,
160,,,,,,,,,,
161,울산대학교,건설환경공학부,토목공학전공,2000/03/02,2008/02/24,대졸,졸업,001,,
161,울산제일고등학교,,,1997/03/02,2000/02/24,고졸,졸업,,,
162,경상대학교,나노/신소재공학부,금속재료공학전공,1999/03/02,2007/02/23,대졸,졸업,001,,
162,반성종합고등학교,,,1996/03/02,1999/02/24,고졸,졸업,,,
163,부경대학교,신소재공학부,재료공학전공,2001/03/02,2006/02/24,대졸,졸업,001,,
163,부산진고등학교,,,1995/03/02,1998/02/26,고졸,졸업,,,
164,,,,,,,,,,
165,명지대학교,화학공학과,화학공학과,2000/03/04,2007/02/21,대졸,졸업,001,,
165,수성고등학교,,,1997/03/02,2000/02/24,고졸,졸업,,,
166,남창고등학교,,,1987/03/02,1990/02/24,고졸,졸업,,,
166,옥성초등학교,,,1978/03/02,1984/02/24,초등졸,졸업,,,
166,울산과학대학,,공업경영과,1991/03/02,1996/02/24,전문대졸,졸업,001,,
166,울산중학교,,,1984/03/02,1987/02/24,중졸,졸업,,,
167,,,,,,,,,,
168,수암초등학교,,,1985/03/02,1991/03/02,초등졸,졸업,,,
168,울산고등학교,,,1994/03/02,1997/02/24,고졸,졸업,,,
168,울산대학교,기계/자동차공학부,기계공학전공,1997/03/02,2005/02/18,대졸,졸업,001,,
168,중앙중학교,,,1991/03/02,1994/02/24,중졸,졸업,,,
169,,,,,,,,,,
170,,,,,,,,,,
171,보성고등학교,,,1971/03/02,1974/02/24,고졸,졸업,,,
171,연세대학교,금속공학과,금속공학,1974/03/02,1981/02/23,대졸,졸업,001,,
172,,,,,,,,,,
173,울산대학교,,중어중문학과,1999/03/02,2003/02/24,대졸,졸업,001,,
173,학성여자고등학교,,,1996/03/02,1999/02/24,고졸,졸업,,,
174,대구대학교,,관광경영학,2001/03/02,2005/02/18,대졸,졸업,001,,
174,울산중양여자고등학교,,,1998/03/02,2001/02/16,고졸,졸업,,,
175,,,,,,,,,,
176,,,,,,,,,,
177,동서대학교,,마케팅학전공,1996/03/02,2000/02/24,대졸,졸업,001,,
178,동북고등학교,,,1984/03/02,1987/02/24,고졸,졸업,,,
178,성균관대학교,,화학공학과,1987/03/02,1994/02/24,대졸,졸업,001,,
179,,,,,,,,,,
180,,,,,,,,,,
181,방송통신대학교,,경영학과,1991/03/02,1995/02/24,대졸,졸업,001,,
181,수원공업전문대학,,기계과,1981/03/02,1983/02/24,전문대졸,졸업,,,
181,신림중학교,,,1974/03/02,1977/02/24,중졸,졸업,,,
181,중장비직업훈련학교,,,2007/09/02,2008/02/24,,졸업,,,
181,환일고등학교,,,1977/03/02,1980/02/24,고졸,졸업,,,
182,,,,,,,,,,
183,충주산업대학교,,기계공학,1992/03/02,1998/02/24,대졸,졸업,001,,
184,,,,,,,,,,
185,,,,,,,,,,
186,,,,,,,,,,
187,,,,,,,,,,
188,부산외국어대학교,,태국어과,1998/03/02,2002/02/24,대졸,졸업,001,,
188,삼일여자고등학교,,,1995/03/02,1998/02/24,고졸,졸업,,,
189,위덕대학교,,전자공학과,1997/03/02,2004/02/28,대졸,졸업,001,,
190,현대공업고등학교,,조선과,1984/03/02,1987/02/24,고졸,졸업,001,,
191,경주공업고등학교,,토목,1980/03/02,1983/02/24,고졸,졸업,001,,
192,계명대학교,교통공학과,교통공학과,1998/03/02,2005/08/16,대졸,졸업,001,,
193,성광여자고등학교,,이과,1996/03/02,1999/02/24,고졸,졸업,,,
193,울산대학교,,수학과,1999/03/02,2003/02/24,대졸,졸업,001,,
194,,,,,,,,,,
195,경남대학교,생명과학부,응용생물학,1999/03/02,2004/02/20,대졸,졸업,001,,
195,양산여자고등학교,,,1996/03/02,1999/02/24,고졸,졸업,,,
196,,,,,,,,,,
197,,,,,,,,,,
198,,,,,,,,,,
199,반천초등학교,,,1999/03/04,2005/02/16,초등졸,졸업,,,
199,언양여자중학교,,,2005/03/04,2008/02/15,중졸,졸업,,,
199,울산여자상업고등학교,인터넷비즈니스과,,2008/03/04,2012/02/24,고졸,졸업,001,,
200,영천고등학교,,,1969/03/02,1972/02/24,고졸,졸업,001,,
201,계명대학교,물리학과,물리학과,1989/03/02,1996/02/22,대졸,졸업,001,,
201,대륜고등학교,,,1986/03/02,1989/02/24,고졸,졸업,,,
202,울산공업고등학교,,기계과,1989/03/05,1992/02/10,고졸,졸업,001,,
203,,,,,,,,,,
204,울산대학교,일본어학과,일본학전공,1999/03/02,2004/02/20,대졸,졸업,001,,
204,울산중앙여자고등학교,,,1996/03/02,1999/02/24,고졸,졸업,,,
205,가포고등학교,,,1996/03/02,1999/02/24,고졸,졸업,,,
205,경남대학교,건축학부,건축공학,1999/03/02,2007/02/22,대졸,졸업,001,,
206,,,,,,,,,,
207,,,,,,,,,,
208,울산대학교,토목/환경공학부,토목공학전공,1995/03/05,2002/02/22,대졸,졸업,001,환경공학전공,
208,울산성신고등학교,,,1992/03/02,1995/02/24,고졸,졸업,,,
208,울산제일중학교,,,1989/03/02,1992/02/24,중졸,졸업,,,
209,,,,,,,,,,
210,,,,,,,,,,
211,,,,,,,,,,
212,,,,,,,,,,
213,,,,,,,,,,
214,,,,,,,,,,
215,,,,,,,,,,
216,부산경원고등학교,,,1998/03/02,2001/01/02,고졸,졸업,,,
216,울산대학교,첨단소재공학부,,2001/03/02,2008/02/20,대졸,졸업,001,,
217,부산기계공업고등학교,,기계과,1996/03/04,1999/02/11,고졸,졸업,,,
217,울산과학대학,디지털기계학부,컴퓨터응용가공전공,1999/03/02,2005/02/18,전문대졸,졸업,001,,
218,,,,,,,,,,
219,경남공업고등학교,,일반판금,1976/03/02,1979/02/24,고졸,졸업,,,
219,부산공업전문대학,,일반기계,1979/03/02,1981/02/24,전문대졸,졸업,001,,
220,,,,,,,,,,
221,창원기계공업고등학교,,배관/용접,1907/03/02,1989/02/24,고졸,졸업,001,,
222,,,,,,,,,,
223,울산과학대학,,건설시공감리,1997/03/02,2003/02/24,전문대졸,졸업,001,,
223,울산신정고등학교,,,1994/03/02,1997/02/24,고졸,졸업,,,
224,대양전자정보고등학교,,정보통신과,1998/03/02,2001/02/24,고졸,졸업,,,
224,동명대학교,,산업시스템경영학,2001/03/02,2006/02/24,대졸,졸업,001,,
225,울산공업고등학교,,정보통신과,1994/03/02,1997/02/24,고졸,졸업,,,
225,울산과학대학,전기전자학부,컴퓨터응용제어전공,1997/03/02,2003/02/20,전문대졸,졸업,001,,
226,대구한의대학교,한방의용공학과,,2001/03/02,2008/02/20,대졸,졸업,001,,
226,포항중앙고등학교,,,1998/03/20,2001/02/24,고졸,졸업,,,
227,능인중학교,,,1991/03/02,1994/02/14,중졸,졸업,,,
227,대구기능대학,컴퓨터응용기계과,,2003/03/02,2005/02/15,전문대졸,졸업,001,,
227,동국고등학교,,,1994/03/02,1997/02/14,고졸,졸업,,,
227,두산초등학교,,,1985/03/02,1991/02/14,초등졸,졸업,,,
227,한국디지털직업전문학교,,,2007/05/01,2007/08/31,,수료,,,
228,경남대학교,기계자동화공학부,기계시스템전공,1998/03/04,2006/02/20,대졸,졸업,001,,
228,경상고등학교,,,1995/03/02,1998/02/18,고졸,졸업,,,
229,동아공업고등학교,,선반과,1993/03/02,1996/02/24,고졸,졸업,,,
229,울산대학교,재료금속공학부,금속공학전공,2002/03/02,2004/02/20,대졸,졸업,001,,
230,양정중학교,,,1993/03/02,1996/02/24,중졸,졸업,,,
230,염포초등학교,,,1987/03/02,1993/02/24,초등졸,졸업,,,
230,울산대학교,생명화학공학부,생명화학공학전공,1999/03/02,2007/02/15,대졸,졸업,001,,
230,현대고등학교,,,1996/03/02,1999/02/24,고졸,졸업,,,
231,경주대학교,건축학부,건축공학전공,1998/03/03,2005/02/17,대졸,졸업,001,시각디자인학과,
231,울산선암초등학교,,,1986/03/02,1992/02/24,초등졸,졸업,,,
231,울산중앙중학교,,,1992/03/02,1995/02/24,중졸,졸업,,,
231,울산홍명고등학교,,,1995/03/02,1998/02/24,고졸,졸업,,,
232,,,,,,,,,,
233,,,,,,,,,,
234,대경대학교,실내디자인과,,1994/03/02,1999/02/10,대졸,졸업,001,,
234,모계고등학교,,,1991/03/02,1994/02/24,고졸,졸업,,,
235,서울광진중학교,,,1989/03/02,1992/02/24,중졸,졸업,,,
235,서울송파공업고등학교,,,1992/03/02,1995/02/24,고졸,졸업,,,
235,평택대학교,이학부,전자계산학전공,1996/03/05,2003/02/21,대졸,졸업,001,,
236,,,,,,,,,,
237,대구미래대학,,디지털 그래픽 디자인,1997/03/02,2002/02/24,전문대졸,졸업,,,
237,울산공업고등학교,,기계,1994/03/02,1997/02/24,고졸,졸업,,,
237,울산대학교대학원,,경영학과,2009/03/02,2011/08/19,대학원졸,졸업,,,
237,한국방송통신대학교,경영학과,경영학과,2006/03/02,2008/02/27,대졸,졸업,001,,
238,경주대학교,,관광과,2004/03/05,        ,,휴학,,,
238,울산자연과학고등학교,,원예,2001/03/05,2004/02/13,고졸,졸업,001,,
239,울산공업고등학교,,기계과,1995/03/02,1998/02/08,고졸,졸업,,,
239,울산과학대학,디지털기계학부,컴퓨터응용기계설계전공,2004/03/12,2006/02/17,전문대졸,졸업,001,,
240,울산대학교,기계공학과,,1982/03/02,1989/02/20,대졸,졸업,001,,
240,학성고등학교,,,1979/03/02,1982/02/24,고졸,졸업,,,
241,대전대학교,법정학부,행정학전공,1994/03/02,2001/02/17,대졸,졸업,001,,
241,서울사대부속고등학교,,,1991/03/02,1994/02/15,고졸,졸업,,,
241,Pasandena City College,,일반교육,2000/06/02,,,자퇴,,,
242,부경대학교,기계공학부,심화기계공학전공,2004/03/02,2008/08/27,대졸,졸업,001,,
242,부산혜화여자고등학교,,,2001/03/02,2004/02/24,고졸,졸업,,,
243,남산고등학교,,,1998/03/02,2001/02/24,고졸,졸업,,,
243,인제대학교,기계자동차공학부,기계공학전공,2001/03/02,2008/02/14,대졸,졸업,001,,
244,,,,,,,,,,
245,,,,,,,,,,
246,성신고등학교,,,1997/03/02,2000/02/24,고졸,졸업,,,
246,울산대학교,첨단소재공학부,첨단소재공학부,2000/03/06,2009/02/20,대졸,졸업,001,,
247,,,,,,,,,,
248,울산과학전문대학,,전자정보통신전공,2000/03/02,2005/02/24,전문대졸,졸업,,,
248,울산대학교,컴퓨터/정보통신공학부,정보통신공학전공,2005/03/02,2008/02/20,대졸,졸업,001,,
248,울산제일고등학교,,,1997/03/02,2000/02/24,고졸,졸업,,,
249,경성대학교,산업공학과,산업공학전공,1998/03/02,2006/02/22,대졸,졸업,001,,
249,금정고등학교,,,1995/03/02,1998/02/24,고졸,졸업,,,
250,밀성고등학교,,,1999/03/02,2002/02/24,고졸,졸업,,,
250,부산대학교,기계공학과,,2002/03/01,2008/02/22,대졸,졸업,001,,
251,,,,,,,,,,
252,,,,,,,,,,
253,충북대학교,,화학공학전공,1999/03/02,2008/08/22,대졸,졸업,001,,
253,홍성고등학교,,,1994/03/02,1997/02/24,고졸,졸업,,,
254,,,,,,,,,,
255,,,,,,,,,,
256,대전둔산여자고등학교,,자연계,2002/03/04,2005/02/20,고졸,졸업,,,
256,충남대학교,바이오응용화학부,화학공학전공,2005/03/02,2009/02/20,대졸,졸업,001,,
257,,,,,,,,,,
258,영남대학교,기계공학부,첨단기계공학심화전공,2004/03/02,2009/02/20,대졸,졸업,001,,
259,,,,,,,,,,
260,,,,,,,,,,
261,경남공업전문대학,,,,,전문대졸,졸업,001,,
261,밀성국민학교,,,,,초등졸,졸업,,,
261,부산전자공업고등학교,,,,,고졸,졸업,,,
261,지보중학교,,,,,중졸,졸업,,,
262,경상대학교,,금속재료공학,1988/03/02,1995/02/24,대졸,졸업,001,,
262,염포초등학교,,,1975/03/02,1981/02/24,초등졸,졸업,,,
262,현대고등학교,,,1984/03/02,1987/02/24,고졸,졸업,,,
262,현대중학교,,,1981/03/02,1984/02/24,중졸,졸업,,,
263,,,,,,,,,,
264,김해건설공고,,기계과전공,1987/03/02,1990/02/24,고졸,졸업,,,
264,동경국제일본어학회,,,1990/10/02,1991/03/24,,수료,,,
264,생림중학교,,,1984/03/02,1987/02/24,중졸,졸업,,,
264,토마코마이고등전문대학,기계공학과,기계공학,1991/04/02,1994/03/24,전문대졸,졸업,001,,
265,대구상업고등학교,,,1977/03/02,1980/02/24,고졸,졸업,001,,
266,,,,,,,,,,
267,,,,,,,,,,
268,,,,,,,,,,
269,,,,,,,,,,
270,여수공업고등학교,기계과,용접,1997/02/05,2000/02/14,고졸,졸업,001,,
271,,,,,,,,,,
272,울산 남 고등학교,,,1998/03/02,1991/02/24,고졸,졸업,,,
272,울산대학교,재료공학과,재료공학과,1991/03/02,1999/02/02,대졸,졸업,001,,
273,남창고등학교,,,1985/03/02,1988/02/24,고졸,졸업,,,
273,대현중학교,,,1982/03/02,1985/02/24,중졸,졸업,,,
273,용연초등학교,,,1976/03/02,1982/02/24,초등졸,졸업,,,
273,울산과학대학,,토목공학과,1995/03/02,1997/02/24,전문대졸,졸업,001,,
274,,,,,,,,,,
275,,,,,,,,,,
276,,,,,,,,,,
277,,,,,,,,,,
278,경남고등학교,,,1988/03/02,1991/02/24,고졸,졸업,,,
278,동아대학교,경영정보학과,,1991/03/02,1998/02/21,대졸,졸업,001,,
279,서울공업고등학교,,정밀기계과,1979/03/03,1982/02/16,고졸,졸업,,,
279,홍익대학교,,기계공학과,1982/03/02,1989/02/24,대졸,졸업,001,,
280,왜관순심고등학교,,,1997/03/02,2000/02/24,고졸,졸업,001,,
281,,,,,,,,,,
282,부산대한조선공사 직업훈련소,,,1966/01/05,1966/12/24,,수료,001,,
282,함안농업고등학교,,,,,,자퇴,,,
283,NOBEL UNIVERSITY,Business Administratoin학과,경영학,2002/01/22,2005/12/16,대졸,졸업,001,,
283,WESTLAKE HIGH SCHOOL,,,1994/03/02,1998/02/24,고졸,졸업,,,
284,동아대학교,기계공학과,,1983/03/02,1990/02/24,대졸,졸업,001,,
284,동아중학교,,,1977/03/02,1980/02/25,중졸,졸업,,,
284,부산중앙고등학교,,,1980/03/02,1983/02/25,고졸,졸업,,,
284,초량초등학교,,,1971/03/02,1977/02/25,초등졸,졸업,,,
285,청주교육대학교,,,,,,기타,,,
285,충남고등학교,,,1985/03/02,1968/02/24,고졸,졸업,001,,
286,,,,,,,,,,
287,,,,,,,,,,
288,,,,,,,,,,
289,동의대학교,,물리학과,1988/03/02,1993/02/24,대졸,졸업,001,,
290,동의대학교,나노공학부,재료금속공학,2002/03/03,2008/08/20,대졸,졸업,001,,
290,혜광고등학교,,자연계,1999/03/04,2002/02/11,고졸,졸업,,,
291,울산과학대학,공간디자인학부,실내건축전공,2003/03/01,2006/02/25,전문대졸,졸업,001,,
291,울산생활과학고등학교,,,2000/03/01,2003/02/25,고졸,졸업,,,
292,,,,,,,,,,
293,,,,,,,,,,
294,,,,,,,,,,
295,,,,,,,,,,
296,신정여자중학교,,,2004/03/02,2007/02/14,중졸,졸업,,,
296,울산여자상업고등학교,,,2007/03/05,2010/02/11,고졸,졸업,001,,
297,,,,,,,,,,
298,동아대학교,화학공학과,화학공학전공,1999/03/02,2003/02/22,대졸,졸업,001,,
298,성광여자고등학교,,,1996/03/02,1999/02/24,고졸,졸업,,,
299,,,,,,,,,,
300,춘해보건대학,컴퓨터정보과,,2001/03/01,2003/02/18,전문대졸,졸업,,,
301,,,,,,,,,,
302,방어진고등학교,,,1999/03/02,2002/02/24,고졸,졸업,,,
302,울산대학교,첨단소재공학부,재료공학전공,2002/03/02,2010/02/19,대졸,졸업,001,,
303,성신고등학교,,자연계,1998/03/02,2001/02/24,고졸,졸업,,,
303,울산대학교,첨단소재공학부,재료금속공학,2001/03/02,2010/02/19,대졸,졸업,001,,
304,계명대학교,,컴퓨터정보,2001/03/02,2007/02/24,,,,,
304,달성고등학교,,,1997/03/02,2000/02/24,고졸,졸업,,,
304,영남대학교,기계공학부,첨단기계전공,2007/03/02,2009/08/21,대졸,졸업,001,,
305,금오공과대학교,기계공학부,기계공학부,2001/03/01,2005/02/18,대졸,졸업,001,,
305,대구고등학교,,,1997/03/02,2000/02/24,고졸,졸업,,,
306,,,,,,,,,,
307,부산진고등학교,,자연계,1995/03/02,1998/02/24,고졸,졸업,,,
307,한국해양대학교,기계/정보공학부,기계시스템공학전공,1998/03/02,2004/02/15,대졸,졸업,001,냉동공조/에너지시스템공학전공,
308,,,,,,,,,,
309,거제고등학교,,자연계,1999/03/01,2002/02/07,고졸,졸업,,,
309,울산대학교,수송시스템공학부,수송시스템전공,2002/03/01,2006/02/15,대졸,졸업,001,,
310,동의대학교,기계공학과,기계공학과전공,2002/03/02,2010/02/19,대졸,졸업,001,,
310,혜광고등학교,,,1999/03/02,2002/02/24,고졸,졸업,,,
311,,,,,,,,,,
312,,,,,,,,,,
313,계명대학교,경제통상학부,경제학전공,2002/03/01,2010/02/19,대졸,졸업,001,통상학전공,
313,달성고등학교,,,1999/03/01,2002/02/09,고졸,졸업,,,
314,,,,,,,,,,
315,,,,,,,,,,
316,경남대학교,기계자동차공학부,기계시스템,2001/03/02,2009/02/28,대졸,졸업,,,
316,창신고등학교,,,1998/03/02,2001/02/28,고졸,졸업,001,,
317,성신고등학교,,,2000/03/02,2003/02/24,고졸,졸업,,,
317,울산대학교,항공우주공학과,,2003/03/02,2009/08/21,대졸,졸업,001,,
318,,,,,,,,,,
319,울산대학교,전기전자정보시스템공학부,전기전자정보시스템전공,2001/03/05,2009/02/20,대졸,졸업,001,,
319,울산제일고등학교,,,1998/03/05,2001/02/20,고졸,졸업,,,
320,,,,,,,,,,
321,,,,,,,,,,
322,,,,,,,,,,
323,경일대학교,기계자동차학부,기계공학전공,2002/03/02,2009/02/20,대졸,졸업,001,,
323,영일고등학교,,,1999/03/02,2002/02/24,고졸,졸업,,,
324,울산과학대학,,컴퓨터네트워크,2002/03/02,2006/02/24,전문대졸,졸업,,,
324,울산대학교,생명화학공학부,생명화학공학,2006/03/02,2010/02/19,대졸,졸업,001,,
324,제일고등학교,,자연계,1998/03/02,2001/02/24,고졸,졸업,,,
325,모광고등학교,,,1997/03/02,2000/02/24,고졸,졸업,,,
325,울산대학교,기계자동차공학부,,2000/03/02,2009/02/20,대졸,졸업,001,,
326,,,,,,,,,,
327,,,,,,,,,,
328,,,,,,,,,,
329,계명대학교,경영학부,경영정보학전공,1996/03/02,2003/02/18,대졸,졸업,001,,
330,,,,,,,,,,
331,,,,,,,,,,
332,대구가톨릭대학교,경제통상학부,국제통상전공,2002/03/02,2007/02/21,대졸,졸업,001,중어중문학,
332,우신고등학교,,,1999/03/02,2002/02/24,고졸,졸업,,,
333,,,,,,,,,,
334,강릉고등학교,,,1997/03/02,2000/02/18,고졸,졸업,,,
334,대구과학대학,,컴퓨터통신전공,2000/03/02,2002/02/21,전문대졸,졸업,,,
334,세종대학교,기계항공우주공학부,항공우주공학전공,2005/03/02,2007/02/18,대졸,졸업,001,,
335,,,,,,,,,,
336,부경대학교,금속공학과,,2003/03/02,2010/08/25,대졸,졸업,001,,
336,창원공업고등학교,,기계과,2000/03/02,2003/02/24,고졸,졸업,,,
337,,,,,,,,,,
338,,,,,,,,,,
339,,,,,,,,,,
340,,,,,,,,,,
341,서울용문고등학교,,,1978/03/02,1981/02/24,고졸,졸업,,,
341,연세대학교,금속공학과,금속공학,1981/03/02,1985/02/25,대졸,졸업,001,,
342,,,,,,,,,,
343,동의대학교,전기/전자/정보통신공학부,전기공학,1997/03/01,2004/02/18,대졸,졸업,001,,
343,부산가야고등학교,,,1994/03/01,1997/02/17,고졸,졸업,,,
344,울산대학교,기계/자동차공학부,기계자동차전공,1996/03/02,2003/02/20,대졸,졸업,001,,
345,,,,,,,,,,
346,대양공업고등학교,,전자과,1995/03/02,1997/02/24,고졸,졸업,,,
346,밀양대학교,정보통신공학과,정보통신공학,1997/03/02,2005/02/15,대졸,졸업,001,,
347,,,,,,,,,,
348,덕신초등학교,,,1988/03/02,1994/02/24,초등졸,졸업,,,
348,온산중학교,,,1994/03/02,1997/02/24,중졸,졸업,,,
348,울산공업고등학교,기계과,기계과,1997/03/02,2000/02/11,고졸,졸업,001,,
349,울산대학교,첨단소재공학부,재료금속,2001/03/02,2009/02/20,대졸,졸업,001,,
349,울산제일고등학교,,이과,1998/03/02,2001/02/24,고졸,졸업,,,
350,,,,,,,,,,
351,온산중학교,,,2005/03/02,2008/02/18,중졸,졸업,,,
351,온산초등학교,,,1999/03/02,2005/02/24,초등졸,졸업,,,
351,울산여자상업고등학교,국제금융과,국제금융전공,2008/03/02,2011/02/24,고졸,졸업,001,,
352,온산중학교,,,2005/03/02,2008/02/24,중졸,졸업,,,
352,온산초등학교,,,1999/03/02,2005/02/24,초등졸,졸업,,,
352,울산여자상업고등학교,,국제금융,2008/03/02,2010/02/24,고졸,졸업,001,,
353,,,,,,,,,,
354,,,,,,,,,,
355,울산과학대학,환경정밀화학과,,1999/03/05,2005/02/18,전문대졸,졸업,001,,
356,동국대학교,,멀티미디어공학전공,2002/03/02,2008/02/22,대졸,졸업,001,,
357,,,,,,,,,,
358,,,,,,,,,,
359,부산인력개발원,설비보전학과,기계정비,2009/03/02,2011/02/19,,수료,,,
359,연산고등학교,,,2006/03/02,2009/02/24,고졸,졸업,001,,
359,연산중학교,,,2003/03/02,2006/02/24,중졸,졸업,,,
359,연산초등학교,,,1997/03/02,2003/02/24,초등졸,졸업,,,
360,,,,,,,,,,
361,,,,,,,,,,
362,,,,,,,,,,
363,,,,,,,,,,
364,,,,,,,,,,
365,울산자연과학고등학교,농업전산과,전산과,1998/03/02,2001/02/14,고졸,졸업,001,,
366,,,,,,,,,,
367,숭문고등학교,,,1979/03/02,1982/02/14,고졸,,,,
367,연세대학교,,경영학,1982/03/02,1988/02/14,대졸,졸업,001,,
368,,,,,,,,,,
369,,,,,,,,,,
370,,,,,,,,,,
371,덕신초등학교,,,1993/03/02,1999/02/24,초등졸,졸업,,,
371,부산정보대학교,자동차계열,자동차하이테크전공,2005/02/28,2011/02/11,전문대졸,졸업,001,,
371,온산중학교,,,1999/03/02,2002/02/24,중졸,졸업,,,
371,울산공업고등학교,,자동화 설비기계,2002/03/02,2005/02/24,고졸,졸업,,,
372,울산대학교,화학공학부,환경안전공학,1996/03/02,2003/02/20,대졸,졸업,001,화공신소재,
372,충렬고등학교,,,1993/03/02,1996/02/24,고졸,졸업,,,
373,부산대학교,,정밀기계공학,1982/03/03,1989/02/25,대졸,졸업,001,,
374,울산대학교,기계/자동차공학부,기계/자동차공학부,1998/03/02,2006/02/17,대졸,졸업,001,,
375,,,,,,,,,,
376,수원대학교,생물학과,생물학과,1985/03/02,1992/02/22,대졸,졸업,001,,
376,화곡고등학교,,,1982/03/02,1984/02/24,고졸,졸업,,,
377,조선대학교,기계공학과,,1968/03/02,1972/02/25,대졸,졸업,001,,
378,경희대학교,,건축공학,1997/03/03,2005/02/16,대졸,졸업,001,,
379,연암공업대학,컴퓨터공학과,컴퓨터공학전공,2008/02/28,2010/02/19,전문대졸,졸업,001,,
380,,,,,,,,,,
381,,,,,,,,,,
382,제주서귀포산업과학고등학교,자영농과,자영농전공,2000/03/02,2003/02/05,고졸,졸업,001,,
382,제주서귀포효돈중학교,,,1999/03/02,2000/02/24,중졸,졸업,,,
382,창원반송초등학교,,,1991/03/02,1997/02/24,초등졸,졸업,,,
382,창원봉곡중학교,,,1997/03/02,,,,,,
383,,,,,,,,,,
384,중동고등학교,,,1976/03/02,1979/02/24,고졸,졸업,,,
384,한양대학교,기계공학,,1979/03/02,1986/02/14,대졸,졸업,001,,
385,명지대학교,,경영학전공,1995/03/02,2003/02/24,대졸,졸업,,,
385,한동대학교국제법률대학원,국제법무학과,,2005/03/02,2007/12/15,대학원졸,졸업,001,,
386,,,,,,,,,,
387,대신고등학교,,,1969/03/06,1972/02/24,고졸,졸업,,,
387,인하대학교,산업공학과,,1972/03/06,1976/02/24,대졸,졸업,001,,
388,경기공업대학,자동화설계과,,1993/03/05,1995/02/18,전문대졸,졸업,001,,
389,고려대학교,,금속공학과,1975/03/02,1980/02/24,대졸,,001,,
389,보성고,,,1972/03/02,1975/02/24,고졸,,,,
390,삼일여자고등학교,,,2003/03/02,2006/02/24,고졸,졸업,,,
390,영산대학교,법률학과,법률학과,2006/03/02,2011/02/18,대졸,졸업,001,,
391,밀성고등학교,,,1999/03/02,2002/02/24,고졸,졸업,,,
391,밀양대학교,식품과학과,,2002/03/02,2009/02/20,대졸,졸업,001,,
392,동서대학교,응용생명공학부,환경공학전공,1999/02/27,2007/02/22,대졸,졸업,001,,
392,부산환경대학원,,환경공학전공,2009/02/24,2013/08/23,대학원졸,,,,
392,성신고등학교,,,1996/03/02,1999/02/24,고졸,졸업,,,
393,,,,,,,,,,
394,삼천포중앙고등학교,,,1992/03/02,1995/02/24,,,,,
394,한국폴리텍항공기능대학,,메타트로닉스,2002/03/02,2004/02/13,전문대졸,졸업,001,,
395,단국대학교,,산업공학전공,1999/03/02,2003/02/21,대졸,졸업,001,경영학전공,
395,목원대학교,,정보통신공학,1995/03/02,1996/02/28,,,,,
395,천안고등학교,,,1992/03/02,1995/02/18,고졸,,,,
396,서울동양공업고등학교,,용접,1965/03/02,1967/02/24,고졸,졸업,001,,
397,,,,,,,,,,
398,시온고등학교,,,1967/03/02,1970/02/24,고졸,졸업,,,
398,한양대학교,요업공학,무기재료공학,1970/03/02,1977/02/26,대졸,졸업,001,,
399,,,,,,,,,,
400,안동대학교,,컴퓨터공학전공,1995/03/02,2003/02/20,대졸,졸업,001,,
400,제일고등학교,,,1992/03/02,1995/02/24,고졸,졸업,,,
401,계양고등학교,,,2000/03/02,2003/02/24,고졸,졸업,,,
401,선문대학교,컴퓨터공학부,컴퓨터공학과,2003/02/27,2011/08/12,대졸,졸업,001,,
402,울산공업고등학교,,정보통신,1995/03/02,1998/02/24,고졸,졸업,,,
402,울산과학대학,디지털기계학부,기계시스템전공,2007/03/02,2009/02/20,전문대졸,졸업,001,,
403,경기상업고등학교,정보처리과,,1994/03/02,1997/02/14,고졸,졸업,001,,
404,,,,,,,,,,
405,,,,,,,,,,
406,울산대학교,첨단소재공학부,첨단소재공학전공,2006/03/02,2011/02/18,대졸,졸업,001,,
407,,,,,,,,,,
408,,,,,,,,,,
409,울산공업고등학교,,전기과,2001/03/05,2004/02/23,고졸,졸업,,,
409,울산과학대학,,전기공사,2004/03/02,2008/02/21,전문대졸,졸업,001,,
410,국민대학교,,경영학,1998/03/02,2005/02/18,대졸,졸업,001,,
411,한국방송통신대학교,영어영문학과,,1989/03/02,,,휴학,,,
411,한양공업고등학교,,기계과,1984/03/02,1987/02/24,고졸,졸업,001,,
411,호서대학교 벤처경영대학원,벤처경영기술학과,,2003/03/02,,,휴학,,,
412,,,,,,,,,,
413,,,,,,,,,,
414,,,,,,,,,,
415,경상대학교,신소재공학부,금속재료공학,2002/03/02,2005/08/26,대졸,졸업,001,,
415,창원기능대학,,플랜트설비자동화과,1997/03/02,2002/02/24,전문대졸,졸업,,,
416,울산대학교,산업공학과,산업공학전공,1997/03/02,2005/02/18,대졸,졸업,001,,
416,울산중앙고등학교,,,1994/03/02,1997/02/28,고졸,졸업,,,
417,,,,,,,,,,
418,,,,,,,,,,
419,,,,,,,,,,
420,청도이서중학교,,,1975/03/02,1978/02/24,중졸,졸업,001,,
421,남창고등학교,,,1997/03/02,1980/02/24,고졸,졸업,001,,
422,당월초등학교,,,,,,,,,
422,온산중학교,,,,,,,,,
423,나주금천중학교,,,1994/03/02,,,,,,
423,서울고척중학교,,,,,,자퇴,,,
424,,,,,,,,,,
425,,,,,,,,,,
426,울산경의고등학교,,,2005/03/02,2008/02/13,고졸,졸업,001,,
427,,,,,,,,,,
428,,,,,,,,,,
429,,,,,,,,,,
430,,,,,,,,,,
431,,,,,,,,,,
432,부산고등학교,,,1981/03/02,1984/02/24,고졸,졸업,,,
432,부산대학교,영어영문학과,,1984/03/02,1992/02/22,대졸,졸업,001,,
433,,,,,,,,,,
434,,,,,,,,,,
435,,,,,,,,,,
436,,,,,,,,,,
437,경북기계공업고등학교,,,1990/03/02,1993/02/24,고졸,졸업,,,
437,영진전문대학,전기과,,1994/03/03,1996/02/03,전문대졸,졸업,001,,
438,울산대학교,경영학부,경영학전공,1995/03/02,2003/02/20,대졸,졸업,001,,
438,울산현대고등학교,,,1992/03/02,1995/02/24,고졸,졸업,,,
439,,,,,,,,,,
440,,,,,,,,,,
441,울산상업고등학교,,,1987/03/02,1990/02/24,고졸,졸업,001,,
442,경성대학교,,화학,1997/03/02,2006/02/24,,졸업,001,,
442,배정고등학교,,,1993/03/02,1996/02/24,고졸,졸업,,,
443,,,,,,,,,,
444,,,,,,,,,,
445,,,,,,,,,,
446,,,,,,,,,,
447,,,,,,,,,,
448,태장고등학교,,,2000/03/02,2003/02/13,고졸,졸업,,,
448,한양대학교,기계공학,기계공학전공,2003/03/02,2010/02/14,대졸,졸업,001,,
449,울산공업고등학교,,건축,1999/03/02,2002/02/24,고졸,졸업,,,
449,울산과학대학,,건축,2002/03/02,2008/02/24,전문대졸,졸업,,,
449,울산대학교,기계자동차공학부,기계자동차공학전공,2008/03/02,2011/02/18,대졸,졸업,001,,
450,,,,,,,,,,
451,,,,,,,,,,
452,금성고등학교,,,2001/03/02,2004/02/24,고졸,졸업,,,
452,부경대학교,신소재공학부,재료공학전공,2004/03/02,2010/08/25,대졸,졸업,001,,
453,동아대학교,지구환경공학부,에너지/자원공학심화전공,2003/03/02,2011/02/25,대졸,졸업,001,,
454,경남대학교,경영학과,경영학,2001/03/02,2008/02/24,대졸,졸업,001,,
454,울산홍명고등학교,,,1998/03/02,2001/02/24,고졸,졸업,,,
455,,,,,,,,,,
456,사천고등학교,,,1997/03/02,2000/02/24,고졸,졸업,,,
456,연암공업전문대학,기계설계과,,2000/02/28,2006/02/10,전문대졸,졸업,001,,
457,서강대학교,,정치외교학과,1985/03/02,1989/02/20,대졸,,001,,
457,혜광고등학교,,,1982/03/02,1985/02/28,고졸,,,,
458,성신고등학교,,,1992/03/02,1995/02/24,고졸,졸업,,,
458,울산대학교,,산업공학전공,1995/03/02,2003/02/24,대졸,졸업,001,,
459,,,,,,,,,,
460,,,,,,,,,,
461,포항흥해공업고등학교,전기과,,2000/03/02,2003/02/08,고졸,졸업,001,,
462,,,,,,,,,,
463,,,,,,,,,,
464,,,,,,,,,,
465,울산공업고등학교,기계과,,1990/03/02,1993/02/13,고졸,졸업,001,,
465,학성중학교,,,1987/03/02,1990/02/24,중졸,졸업,,,
466,울산대학교,기계자동차공학부,기계자동차전공,2003/03/03,2011/08/19,대졸,졸업,001,,
467,울산대학교,기계자동차공학부,기계자동차공학부,2003/03/02,2011/08/24,대졸,졸업,001,,
467,진주명신고등학교,,,1999/03/02,2002/02/24,고졸,졸업,,,
468,,,,,,,,,,
469,,,,,,,,,,
470,,,,,,,,,,
471,울산여자상업고등학교,,행정사무과,2009/03/02,2012/02/24,고졸,졸업,001,,
472,울산공업고등학교,기계과,기계과,2002/03/02,2005/02/24,고졸,졸업,,,
472,울산과학대학,디지털기계학부,기계시스템전공,2005/03/02,2011/02/18,전문대졸,졸업,001,,
473,부산외국어대학교,불어과,불어,2001/03/02,2008/08/22,대졸,졸업,001,영어,
474,경성대학교,산업경영공학과,산업경영공학,2008/03/02,2010/02/19,대졸,졸업,001,,
474,사직고등학교,,,1999/03/02,2002/02/24,고졸,졸업,,,
475,부산인력개발원,,설비보전과,2010/03/02,2012/01/05,,수료,001,,
475,의성공업고등학교,,전자과,2007/03/02,2010/02/11,고졸,졸업,,,
476,경남대학병설공업전문대학,,기계설계,1981/03/05,1983/02/08,전문대졸,졸업,001,,
477,성신고등학교,,,1993/03/02,1996/02/24,고졸,졸업,,,
477,영남대학교,응용화학공학부,응용화학전공,1996/03/02,2003/02/22,대졸,졸업,,,
477,울산대학교대학원,,화학교육전공,2007/03/02,2009/08/24,대학원졸,졸업,001,,
478,부경대학교,토목공학과,토목공학과,2005/03/02,2012/02/24,대졸,졸업,001,,
479,,,,,,,,,,
480,울산고등학교,,,1994/03/02,1997/02/15,고졸,졸업,,,
480,울산대학교,기계/자동차공학부,기계자동차공학부,1997/03/02,2004/02/20,대졸,졸업,001,,
481,인하대학교,,기계공학,1981/03/05,1987/02/24,대졸,졸업,001,,
482,,,,,,,,,,
483,부경대학교,,재료공학과,1990/03/02,1997/02/25,대졸,졸업,001,,
484,계명대학교,자동차공학부,산업공학전공,1991/03/02,1998/02/17,대졸,졸업,001,,
484,부산기계공업고등학교,,기계설계전공,1985/03/02,1988/02/24,고졸,졸업,,,
485,김천고등학교,,,1997/03/03,2000/02/24,고졸,졸업,,,
485,안동대학교,회계학과,회계학과,2000/03/02,2007/02/22,대졸,졸업,001,,
486,,,,,,,,,,
487,성신고등학교,,,2000/03/03,2003/02/15,고졸,졸업,,,
487,홍익대학교,,경영학전공,2003/03/01,2010/02/22,대졸,졸업,001,,
488,경북대학교,기계공학과,기계공학,2008/03/03,2011/02/25,대학원졸,졸업,001,,
488,대구대학교,,자동차공학,1999/03/02,2007/02/24,대졸,졸업,,,
488,영남고등학교,,,1996/03/02,1999/02/24,고졸,졸업,,,
489,계명문화대학교,,전산정보처리,1997/03/02,1999/02/24,전문대졸,졸업,,,
489,대륜고등학교,,,1994/03/02,1997/02/24,고졸,졸업,,,
489,우석대학교,,수학교육학과,2003/03/02,2005/02/24,대졸,졸업,001,,
490,가톨릭상지대학,,컴퓨터공학,2000/03/02,2005/02/24,전문대졸,졸업,,,
490,울산대학교,첨단소재공학부,금속재료공학,2006/03/02,2008/02/20,대졸,졸업,001,,
490,울산신정고등학교,,,1997/03/02,2000/02/24,고졸,졸업,,,
491,대구서재중학교/울산성안중학교,,,2006/03/02,2009/02/24,중졸,졸업,,,
491,대구파호초등학교,,,2000/03/02,2006/02/24,초등졸,졸업,,,
491,울산여자상업고등학교,행정사무과,,2009/03/02,,고졸,졸업,001,,
492,삼척고등학교,,,1971/03/05,1974/02/20,고졸,졸업,001,,
493,경성대학교,건설/환경공학부,건설/환경공학부,2001/03/02,2009/02/20,대졸,졸업,001,,
494,,,,,,,,,,
495,아주대학교,에너지학과,에너지학전공,2002/08/26,2004/08/20,대학원졸,수료,001,,
495,제천고등학교,,,1987/03/02,1990/02/24,고졸,졸업,,,
495,청주대학교,물리학과,,1990/03/02,1997/02/21,대졸,졸업,,,
495,청주대학교,환경공학과,대기오염관리,1997/09/01,2000/02/22,대학원졸,수료,,,
496,동아대학교,기계공학부,기계공학전공,2007/03/02,2009/02/24,대졸,졸업,001,,
496,신라전문대학,,,,,전문대졸,졸업,,,
496,지산고등학교,,,1997/03/02,2000/02/24,고졸,졸업,,,
497,경성대학교,산업공학과,,1999/03/02,2007/02/22,대졸,졸업,001,,
498,신정고등학교,,,1996/03/02,1999/02/24,고졸,졸업,,,
498,울산대학교,스페인/중남미학과,스페인/중남미학,1999/03/02,2007/02/15,대졸,졸업,001,일어일문학,
499,동의과학대학,,전자계산학과,1998/03/02,2000/02/24,전문대졸,졸업,,,
499,이서고등학교,,,1995/03/02,1998/02/24,고졸,졸업,,,
499,한국방송통신대학교,컴퓨터과학과,,2005/03/02,2007/02/28,대졸,졸업,001,,
500,한동대학교,경영경제학부,경영학/상담심리학,2006/03/01,2010/08/20,대졸,졸업,001,,
501,대동고등학교,,,1998/03/02,2001/02/24,고졸,졸업,,,
501,동아대학교,기계공학부,기계공학전공,2001/03/02,2010/02/19,대졸,졸업,001,,
502,대구공업고등학교,,,1997/03/02,2000/02/15,고졸,졸업,,,
502,목포해양대학교,,조선해양공학,2000/03/02,2004/02/20,대졸,졸업,001,,
502,아주대학교대학원,,일반경영학,2008/03/02,,,,,,
503,목포해양대학교,해양시스템공학부,해양시스템공학부,2006/03/01,2012/02/21,대졸,졸업,001,,
504,개운초등학교,,,2000/03/02,2006/02/24,초등졸,졸업,,,
504,울산여자상업고등학교,관광경영과,,2009/03/02,2012/02/10,고졸,졸업,001,,
504,월평중학교,,,2006/03/02,2009/02/24,중졸,졸업,,,
505,대경대학,동물조련이벤트과,동물조련이벤트전공,2008/03/02,2010/02/18,전문대졸,졸업,001,,
505,울산여자상업고등학교,,디지털정보처리,2005/03/02,2008/02/24,고졸,졸업,,,
506,,,,,,,,,,
507,삼척대학교,정밀기계공학과,정밀기계공학과,1995/03/02,2002/02/15,대졸,졸업,001,,
507,태백공업고등학교,,정밀기계,1991/03/02,1994/02/24,고졸,졸업,,,
508,대구대학교,경영학과,,1995/03/02,2002/02/22,대졸,졸업,001,,
508,울산제일고등학교,,,1992/03/02,1995/02/24,고졸,졸업,,,
509,,,,,,,,,,
510,울산기능대학,,산업디자인과,2006/03/02,2008/02/15,전문대졸,졸업,001,,
510,울산정보통신고등학교,,정보통신과,1999/03/02,2002/02/24,고졸,졸업,,,
511,성균관대학교,생물학과,,1990/03/02,1997/08/25,대졸,졸업,001,,
512,경남대학교,,중국비즈니스무역학,2005/03/02,2010/08/20,대졸,졸업,001,,
512,울산 대송고등학교,,,2002/03/02,2005/02/24,고졸,졸업,,,
513,경화여자고등학교,,,2004/03/02,2007/02/28,고졸,,,,
513,영남대학교,,통계학,2007/03/02,2012/02/22,대졸,졸업,001,경제금융,
514,동의대학교,,기계공학전공,2004/02/27,2010/02/19,대졸,졸업,001,,
515,영남대학교,,화학공학,2001/03/02,2010/08/20,대졸,졸업,001,,
516,방어진고등학교,,,1999/03/02,2002/02/24,고졸,졸업,,,
516,울산과학대학,전기전자학부,전기전자학부,2002/03/02,2007/02/24,전문대졸,졸업,,,
516,울산대학교,첨단소재공학부,첨단소재공학부,2007/03/02,2011/02/18,대졸,졸업,001,,
517,,,,,,,,,,
518,무룡고등학교,,,1999/03/02,2002/02/24,고졸,졸업,,,
518,울산대학교,사회과학부,사회과학부,2002/03/02,2010/02/19,대졸,졸업,001,,
519,경남대학교,,재료공학,1997/03/02,2005/02/24,대졸,졸업,001,,
519,울산제일고등학교,,,1994/03/02,1997/02/24,고졸,졸업,,,
520,금오공과대학교,기계공학부,기계공학,2003/03/02,2010/02/24,대졸,졸업,001,,
520,임계고등학교,,,2003/03/02,2003/02/24,고졸,졸업,,,
521,서부초등학교,,,1992/03/02,1998/02/24,초등졸,졸업,,,
521,현대중학교,,,1998/03/02,2001/02/24,중졸,졸업,,,
521,Trinity High School,,,2003/05/02,2005/03/24,고졸,졸업,,,
521,University of the East,,ECE,2005/05/02,2011/04/24,대졸,졸업,001,,
522,,,,,,,,,,
523,인일여자고등학교,,,2002/03/02,2005/02/24,고졸,,,,
523,인하대학교,동양어문학부,중국어중국학,2005/03/02,2012/02/24,대졸,졸업,001,,
524,동아대학교,기계공학부,,2005/03/02,2012/02/17,대졸,졸업,001,,
524,배정중학교,,,1999/03/02,2002/02/24,중졸,졸업,,,
524,부산중앙고등학교,,,2002/03/02,2005/02/24,고졸,졸업,,,
525,삼일여자고등학교,,,2003/03/04,2006/02/15,고졸,졸업,,,
525,울산대학교,경영학부,경영학,2006/03/02,2011/08/19,대졸,졸업,001,회계학,
526,성신고등학교,,,1998/03/02,2001/02/14,고졸,,,,
526,울산대학교,기계자동차공학부,기계자동차전공,2001/03/02,2009/08/21,대졸,졸업,001,,
527,성서고등학교,,,2001/03/02,2004/02/24,고졸,졸업,,,
527,영남대학교,기계공학부,기계시스템공학심화전공,2004/03/02,2011/02/22,대졸,졸업,001,,
528,한양대학교,기계공학부,기계공학,1999/03/02,2007/02/23,대졸,,001,,
529,부산남일고등학교,,,1995/03/02,1998/02/24,,,,,
529,울산과학대학,기계학부,선박설계전공,1998/03/02,2004/02/20,전문대졸,졸업,001,,
530,경희사이버대학교,,,2004/03/01,2005/08/20,대졸,,,,
530,경희테크노경영대학원,글로벌경영학과,글로벌경영학과,2005/09/01,2008/02/20,대학원졸,졸업,001,,
530,구로고등학교,,,1992/03/04,1995/02/13,고졸,,,,
530,안양과학대학,,,2002/02/28,2004/02/18,전문대졸,,,,
531,동국대학교,,중어중문학전공,2001/03/02,2009/02/20,대졸,졸업,001,국제통상학전공,
531,울산성신고등학교,,,1998/03/02,2001/02/24,고졸,졸업,,,
532,동아대학교,재료금속/화학공학부,화학공학전공,1998/03/01,2005/02/14,대졸,졸업,001,,
532,지산고등학교,,,1995/03/01,1997/02/24,고졸,졸업,,,
533,서울용문고등학교,,,1994/03/02,1997/02/19,고졸,졸업,,,
533,인덕대학,,기계시스템전공,1997/03/03,2003/02/14,전문대졸,졸업,001,,
534,울산대학교,,경영학부,2001/03/02,2006/02/17,대졸,졸업,001,,
535,동국대학교(경주캠퍼스),,경제학전공,2001/03/04,2007/02/14,대졸,졸업,001,,
535,울산신정고등학교,,,1998/03/04,2001/02/14,고졸,졸업,,,
536,금호고등학교,,,1977/03/02,1980/02/24,고졸,졸업,001,,
537,경북고등학교,,,1978/03/02,1981/02/24,고졸,졸업,,,
537,영남대학교,기계공학부,,1981/03/02,1985/02/24,대졸,졸업,,,
537,영남대학교 대학원,박용기계공학과,재료및구조해석전공,1985/03/02,1987/08/21,대학원졸,졸업,001,,
537,영남중학교,,,1975/03/02,1978/02/24,중졸,졸업,,,
538,,,,,,,,,,
539,,,,,,,,,,
540,진도실업고등학교,,,1988/03/02,1991/02/24,고졸,졸업,001,,
541,영남대학교,기계공학과,,1981/03/05,1988/02/22,대졸,졸업,001,,
541,천안공업고등학교,,,1973/03/02,1976/02/24,고졸,,,,
542,울산대학교,국어국문학부,국어국문학,1998/03/02,2005/02/18,대졸,졸업,001,,
543,강릉공업고등학교,,전자과,1984/03/02,1987/02/24,고졸,졸업,001,,
544,울산과학대학교,,산업경영과,2000/03/02,2006/02/17,전문대졸,졸업,001,,
545,동국대학교,,사회체육학과,2002/03/02,2011/02/18,대졸,졸업,001,경영학전공,
546,무룡고등학교,,,2003/03/03,2006/02/15,고졸,졸업,,,
546,울산대학교,첨단소재공학부,재료공학,2006/03/02,2011/02/18,대졸,졸업,,,
547,순천향대학교,기계공학/건축학과군,기계공학과,2004/02/25,2008/02/21,대졸,졸업,001,,
548,부경대학교,,금속공학과,1997/03/02,2004/02/24,대졸,졸업,,,
548,부산대대학원,,재료공학과,2004/03/02,2006/02/24,대학원졸,수료,001,,
548,지산고등학교,,,1994/03/02,1997/02/24,고졸,졸업,,,
549,동원공업고등학교,,,1979/03/04,1982/02/15,고졸,졸업,,,
549,동의대학교,기계설계학과,기계설계학과,1982/03/04,1989/02/25,대졸,졸업,001,,
549,해운대중학교,,,1976/03/04,1979/02/15,중졸,졸업,,,
550,울산대학교,재료공학과,,1990/03/02,1998/02/20,대졸,졸업,001,,
550,현대고등학교,,,1987/03/02,1990/02/24,고졸,졸업,,,
551,명지전문대학,,전자과,1998/03/02,2000/02/22,전문대졸,졸업,001,,
551,충암고등학교,,,1989/03/02,1992/02/24,고졸,졸업,,,
552,경기대학교,행정학과,행정학,1987/03/02,1991/02/22,대졸,졸업,001,,
552,호서고등학교,,,1983/03/02,1986/02/14,고졸,졸업,,,
553,동아대학교,한국어문학부,국어국문학전공,2000/03/02,2007/02/23,대졸,졸업,001,경영학부,
553,부산사대부속고등학교,,,1997/03/02,2000/02/13,고졸,졸업,,,
554,대구대학교,,정보통신공학,2000/03/02,2007/08/24,대졸,졸업,,,
554,서강대학교 대학원,,컴퓨터공학과,2007/08/02,2009/08/18,대학원졸,졸업,001,,
554,협성고등학교,,,1997/03/02,2000/02/24,고졸,졸업,,,
555,경성대학교,국제무역통상학과,국제무역통상학,1998/03/02,2006/08/22,대졸,졸업,001,,
555,울산예술고등학교,,,1995/03/02,1998/02/24,고졸,졸업,,,
556,동의대학교,기계공학부,기계공학,2002/03/02,2008/02/22,대졸,졸업,001,,
557,거제고등학교,,,1997/03/02,2000/02/17,고졸,졸업,,,
557,동아대학교,전지전자컴퓨터공학부,전자공학,2000/03/02,2006/02/17,대졸,졸업,,,
557,동아대학교 대학원,,전자공학,2006/03/02,2008/02/15,대학원졸,졸업,001,,
558,유한대학,,금형설계,,1997/02/24,전문대졸,졸업,,,
558,홍익대학교,기계정보공학과,,1997/09/01,2001/02/22,대졸,졸업,001,,
559,,,,,,,,,,
560,,,,,,,,,,
561,동아대학교,,,2000/03/01,2007/02/01,대졸,졸업,,,
561,창원남자고등학교,,,1997/03/01,2000/02/01,고졸,졸업,,,
561,창원대학원,산업기계공학과,기계설계공학,2009/03/02,2012/02/17,대학원졸,졸업,001,,
562,울산대학교,첨단소재공학부,,1999/03/02,2007/02/15,대졸,졸업,001,,
562,포항영신고등학교,,자연계,1996/03/02,1999/02/24,고졸,졸업,,,
563,,,,,,,,,,
564,경주대학교,,경영정보학,2000/03/02,2007/02/09,대졸,졸업,001,,
565,동국대학교,,정보통신공학과,2001/03/02,2008/02/15,대졸,졸업,001,,
565,울산중앙고등학교,,,1998/03/02,2001/02/14,고졸,졸업,,,
566,울산대학교,영미어문학부,영어영문학,2003/03/02,2007/02/15,대졸,졸업,001,,
567,신정고등학교,,,1991/03/02,1994/02/24,고졸,졸업,,,
567,양사초등학교,,,1982/03/02,1988/02/24,초등졸,졸업,,,
567,울산대학교,건축학부,건설학전공,1995/03/02,2003/02/20,대졸,졸업,001,,
567,태화중학교,,,1988/03/02,1991/02/24,중졸,졸업,,,
568,울산대학교,기계자동차공학부,기계자동차공학부,2001/03/02,2009/02/20,대졸,졸업,001,,
569,양산대학교,자동차전공,자동차학과,2003/03/03,2007/02/09,대졸,졸업,001,,
569,울산에너지고등학교,,컴퓨터전자,2000/03/02,2003/02/24,고졸,졸업,,,
570,성신고등학교,,,1998/03/02,2001/02/24,고졸,졸업,,,
570,울산대학교,첨단소재공학부,첨단소재공학전공,2001/03/02,2009/02/20,대졸,졸업,001,,
571,신선여자고등학교,,,2004/03/02,2007/02/13,고졸,졸업,,,
571,울산대학교,생명화학공학부,생명화학공학,2007/03/02,2012/02/17,대졸,졸업,001,,
572,성신고등학교,,,1999/03/02,2002/02/15,고졸,졸업,,,
572,울산대학교,,건설환경공학부,2007/03/02,2010/02/19,대졸,졸업,001,,
573,인하대학교,,기계공학,1998/03/02,2006/08/24,대졸,,001,,
573,학성고등학교,,,1995/03/02,1998/02/24,고졸,,,,
574,울산대학교,화학공학부,환경안전공학,2004/06/17,2004/02/20,대졸,졸업,001,화공신소재,
575,계림고등학교,,,1999/03/02,2002/02/20,고졸,,,,
575,대구가톨릭대학교,사회복지학과,,2002/03/02,2009/02/20,대졸,,,,
576,대구대학교,식품/생명/화학공학부,식품공학,1995/03/02,2003/02/20,대졸,졸업,001,,
576,충렬고등학교,,,1992/03/02,1995/02/20,고졸,,,,
577,울산대학교,산업정보경영공학부,선업정보경영공학전공,2001/03/02,2007/02/15,대졸,졸업,001,,
578,대연고등학교,,,1996/03/02,1999/02/24,고졸,졸업,,,
578,신라대학교,경영학부,경영정보학,1999/03/02,2006/02/24,대졸,졸업,001,,
579,울산대학교,조선해양공학부,조선과,2002/03/02,2010/02/24,대졸,졸업,001,,
579,포항고등학교,,,1996/03/02,1999/02/24,고졸,,,,
580,영남대학교,건축학부 건축공학,건축공학심화전공,2002/03/02,2010/02/22,대졸,졸업,001,,
581,창원대학교,법학과,법학,1989/03/02,1996/02/16,대졸,졸업,001,,
582,약사초등학교,,,1981/03/02,1987/02/24,초등졸,졸업,,,
582,울산고등학교,,,1990/03/02,1993/02/24,고졸,졸업,,,
582,울산대학교,금속공학부,재료공학,1993/03/02,2001/02/16,대졸,졸업,001,,
582,울산중학교,,,1987/03/02,1990/02/24,중졸,졸업,,,
583,보광고등학교,,,1989/03/02,1992/02/24,고졸,졸업,,,
583,양산대학교,,,1992/03/10,1994/02/01,전문대졸,졸업,001,,
584,울산대학교,전기전자정보시스템공학부,전기전자정보시스템공학부,1998/03/02,2007/02/15,대졸,졸업,001,,
585,울산과학대학,,,2000/03/02,2005/02/18,전문대졸,졸업,,,
585,울산대학교,생명화학공학부,화학공학,2005/03/02,2007/02/15,대졸,졸업,001,,
586,울산과학대학,공간디자인학부,건축전공,2001/03/02,2007/02/15,전문대졸,졸업,001,,
586,홍명고등학교,,,1998/03/03,2001/02/14,고졸,,,,
587,성신고등학교,,,2001/03/02,2004/02/28,고졸,졸업,,,
587,울산과학대학,,산업경영학과,2008/03/02,2010/02/19,전문대졸,졸업,001,,
588,울산대학교,전기전자정보시스템공학부,전기전자,2001/03/02,2009/02/20,대졸,졸업,001,,
588,울산제일고등학교,,,1998/03/02,2001/02/20,고졸,졸업,,,
589,울산대학교,생명화학공학부,,2006/03/02,2012/02/17,대졸,졸업,001,,
590,,,,,,,,,,
591,울산공업고등학교,,,1979/03/02,1982/02/24,고졸,졸업,,,
591,울산전문대학교,,전기과,1983/03/02,1987/08/28,전문대졸,졸업,001,,
591,장생포초등학교,,,1970/03/02,1976/02/24,초등졸,졸업,,,
591,학성중학교,,,1976/03/02,1979/02/24,중졸,졸업,,,
592,창녕제일고등학교,축산과,,1985/03/02,1987/02/14,고졸,졸업,001,,
593,경남전문대,기계설계과,기계설계과,1990/03/02,1995/02/03,전문대졸,졸업,001,,
593,혜광고등학교,,,1987/03/02,1990/02/24,고졸,졸업,,,
594,경남대학교,기계공학부,기계공학,1999/03/02,2001/02/20,대졸,졸업,001,,
594,성신고등학교,,,1991/03/02,1994/02/24,고졸,졸업,,,
594,울산과학대학,,,1994/03/02,1999/02/24,전문대졸,졸업,,,
594,울산중학교,,,1988/03/02,1991/02/24,중졸,졸업,,,
595,동의공업 전문대학,,금형설계과,1999/03/02,2004/02/24,전문대졸,졸업,,,
595,동의대학교,기계/정보산업공학부,기계공학,2005/08/02,2007/08/24,대졸,졸업,001,,
595,부산공업고등학교,,금속과,1996/03/02,1999/02/24,고졸,졸업,,,
596,울산고등학교,,,1997/03/02,2000/02/24,고졸,졸업,,,
596,울산대학교,건설환경공학부,환경공학,2000/03/02,2008/02/20,대졸,졸업,001,토목공학,
596,제일중학교,,,1994/03/02,1997/02/24,중졸,졸업,,,
597,부산대 대학원,기계공학부,에너지시스템전공,2008/03/02,2010/02/25,대학원졸,졸업,001,,
597,서울화곡고등학교,,,1996/03/02,1992/02/15,고졸,졸업,,,
597,충주대학교,기계공학부,에너지시스템전공,1999/03/02,2008/02/15,대졸,졸업,,,
598,울산고등학교,,,1994/03/02,1997/02/24,고졸,졸업,,,
598,울산대학교,,분자생물학,1997/03/02,2001/02/16,대졸,졸업,001,,
599,울산대학교,첨단소재공학부,첨단소재공학전공,2001/03/02,2009/08/21,대졸,졸업,001,,
599,울산제일고등학교,,,1998/03/02,2001/02/24,고졸,졸업,,,
600,,,,,,,,,,
601,대구대학교,정보통신공학부,멀티미디어공학전공,1999/03/02,2007/02/23,대졸,졸업,001,,
602,동지고등학교,,,2002/02/28,2005/02/24,고졸,졸업,,,
602,한국해양대학교,IT공학부,제어자동화공학,2005/03/02,2012/02/22,대졸,졸업,001,,
603,울산대학교,,일본어/일본학과,2002/03/02,2010/02/19,대졸,졸업,001,,
604,서대전고등학교,,,1998/03/02,2001/02/28,고졸,졸업,,,
604,충남대학교,기계/기계설계/메카트로닉스공학부,기계설계공학,2001/03/02,2009/02/24,대졸,졸업,001,,
605,동의과학대학,,사무자동화,1999/03/03,2001/02/09,전문대졸,졸업,001,,
606,성지공업고등학교,,기계조립,1990/03/05,1993/02/12,고졸,졸업,001,,
607,울산경영정보고등학교,,,1984/03/05,1987/02/21,고졸,졸업,001,,
608,해운대고등학교,,,1992/03/05,1995/02/15,고졸,졸업,001,,
609,동양공업고등학교,,,1990/03/02,1993/02/12,고졸,졸업,001,,
610,,,,,,,,,,
611,경남공업고등학교,,,1991/03/02,,,,,,
612,부산실업고등학교,정보처리과,,1993/03/02,1996/02/15,고졸,,001,,
613,덕원공업고등학교,,,,,,,,,
614,부산장안고등학교,,,1997/02/28,2001/02/24,고졸,졸업,001,,
615,인하대학교,환경공학과,환경공학전공,1990/02/26,1994/02/25,대졸,졸업,001,,
616,고려대학교,환경시스템공학과,환경시스템공학과,2003/03/02,2012/08/24,대졸,졸업,001,,
616,여주고등학교,,이과,2000/03/02,2003/02/28,고졸,졸업,,,
617,평생교육진흥원,,정보통신공학,,,,수료,001,,
618,국립충주대학교,안전공학과,안전공학과,1999/03/02,2007/02/22,대졸,졸업,,,
618,울산제일고등학교,,,1996/03/02,1999/02/24,고졸,졸업,,,
619,성도고등학교,,,,1995/06/05,고졸,졸업,001,,
620,성지공업고등학교,,건축,1992/03/01,1995/02/15,고졸,졸업,001,,
621,성일고등학교,,,1995/03/02,1998/02/24,고졸,,001,,
622,인하대학교,기계공학과,기계공학전공,1976/03/05,1982/02/24,대졸,졸업,001,,
622,중앙대학교부속고등학교,,,1973/03/02,1976/02/24,고졸,졸업,,,
623,계명대학교,,경영학과,1996/03/01,2001/02/24,,,,,
623,대건고등학교,,,1993/03/01,1996/02/24,고졸,졸업,,,
624,동의공업고등학교,건축과,,1990/03/01,1993/02/10,고졸,졸업,,,
624,동현중학교,,,1987/03/01,1990/02/12,초등졸,졸업,,,
624,부산정보대학,산업디자인계열,정보편집디자인전공,1998/03/02,2003/08/30,전문대졸,졸업,001,,
625,성광여자고등학교,,,1999/03/01,2002/02/24,고졸,,,,
625,울산대학교,생명화학공학부,화학공학,2002/03/01,2007/02/15,대졸,졸업,001,생명환경공학,
626,경일대학교,,전기전자정보제어계측,2000/03/01,,,수료,,,
626,울산대학교,전기전자정보시스템공학부,전기전자정보시스템공학,2006/03/01,2008/02/20,대졸,졸업,001,,
626,울산제일고등학교,,,1997/03/01,2000/02/24,고졸,,,,
627,동국대학교,,화학공학,1981/03/02,1988/02/24,대졸,졸업,001,,
627,배명고등학교,,,1976/03/02,1979/02/24,고졸,졸업,,,
628,숭실고등학교,,,1982/03/02,1985/02/24,고졸,졸업,,,
628,중앙대학교,0,기계공학과,1985/03/02,1991/02/24,대졸,졸업,001,,
629,부평고등학교,,,1995/03/01,1998/02/24,고졸,졸업,001,,
629,한양대학교,,기계공학과,1998/03/02,2007/02/24,대졸,,,,
630,용운고등학교,,,1981/03/01,1984/02/24,고졸,졸업,,,
630,한국폴리텍대학,,기계과,1984/03/02,1985/02/24,,졸업,,,
630,한밭대학교,,기계공학과,1987/03/01,1991/02/23,대졸,졸업,001,,
631,경주대학교,,건축공학,2002/03/01,2009/02/12,대졸,졸업,001,,
632,울산과학대학,기계학과,,1994/03/01,1999/02/22,전문대졸,졸업,001,,
632,울산제일고등학교,,,1991/03/01,1994/02/24,고졸,졸업,,,
633,한국공업고등학교,,전기전자,1997/03/01,2000/02/24,고졸,졸업,001,,
634,동래고등학교,,,1997/02/28,2000/03/01,,,001,,
635,홍명고등학교,,,1997/03/01,1999/02/24,고졸,졸업,001,,
636,전남나주대학,,체육학과(무도학),2002/03/04,2006/02/03,,,001,,
637,효암고등학교,정보처리과,,2001/02/28,2004/02/24,고졸,졸업,001,,
638,우석고등학교,,,1976/03/05,1979/02/05,고졸,졸업,001,,
639,부산송도상업고등학교,,,1988/03/04,1991/02/15,고졸,졸업,001,,
640,경상공업고등학교,,화공,1984/03/05,1987/02/19,고졸,,001,,
641,동서대학교,화학공학과,화학공학과,1994/03/02,2002/08/22,대졸,졸업,001,,
642,울산과학대학,환경화학공업,환경화학공업,2010/03/02,2012/02/15,전문대졸,졸업,001,,
643,울산경영정보고등학교,,정보처리과,2000/03/02,2003/03/24,고졸,졸업,001,,
644,장안종합고등학교,,,1998/03/02,2000/02/24,고졸,졸업,001,,
645,,,,,,,,,,
646,대구고등학교,,,1982/03/02,1985/02/24,고졸,졸업,001,,
647,성모여자고등학교,,,2002/03/02,2005/02/24,고졸,졸업,,,
647,신라대학교,인문학부,사학전공,2005/03/02,2009/08/21,대졸,졸업,001,국제관광경영학전공,
648,,,,,,,,,,
649,울산과학대학,디지털기계학부,컴퓨터응용기계설계,2005/03/02,2007/02/15,전문대졸,졸업,001,,
649,진주기계공업고등학교,,컴퓨터기계,1997/03/02,2000/02/24,고졸,,,,
650,남창고등학교,,,2000/03/02,2003/02/24,고졸,졸업,,,
650,부경대학교,신소재공학부,재료공학전공,2003/03/02,2007/02/23,대졸,졸업,001,,
651,신정고등학교,,,1994/03/03,1997/02/19,고졸,졸업,,,
651,울산대학교,화학공학부,환경안전공학,1997/03/04,2004/02/20,대졸,졸업,001,화학공학,
652,울산대학교,재료금속공학부,금속공학,1996/03/02,2004/02/20,대졸,졸업,001,,
652,울산제일고등학교,,,1993/03/02,1996/02/24,고졸,,,,
653,울산대학교,기계/자동차공학부,기계/자동차공학부,1998/03/22,2006/02/17,,졸업,001,,
653,현대고등학교,,,1995/03/03,1998/02/12,고졸,졸업,,,
654,거창산업과학고등학교,기계과,기계과,1999/03/01,2002/02/24,고졸,,001,,
654,울산과학대학,산업경영학과,산업경영학,2012/03/01,,,,,,
655,,,,,,,,,,
656,인제대학교,기계자동차공학부,기계공학전공,1998/03/02,2005/02/17,대졸,,,,
656,인제대학교대학원,기계공학과,열유체분야,2005/03/02,2008/02/14,대학원졸,,001,,
657,울산여자상업고등학교,국제금융과,,2010/03/03,,고졸,,001,,
657,울산여자중학교,,,2007/03/01,2010/02/09,중졸,,,,
657,학성초등학교,,,2001/03/01,2007/02/14,초등졸,,,,
658,단국대학교,응용화학공학과,응용화학공학과,2003/02/25,2012/02/17,대졸,졸업,001,,
659,,,,,,,,,,
660,부산동아대학교,경영정보과학부,경영정보과학전공,2007/03/02,2012/02/16,대졸,,001,,
660,울산삼산고등학교,,,2004/03/04,2007/02/14,고졸,,,,
661,대중금속공업고등학교,금속재료학과,금속재료학과,1989/03/02,1996/03/24,고졸,,,,
661,울산과학대학,공업화학과,,1996/03/02,1998/02/10,전문대졸,,001,,
662,울산대학교,산업정보경영공학부,산업정보경영공학부,1999/03/02,2007/02/15,대졸,졸업,001,,
662,울산제일고등학교,,이과,1996/03/01,1999/02/24,고졸,졸업,,,
663,,,,,,,,,,
664,,,,,,,,,,
665,동명전문대학교,기계자동차시스템학과,,,,,,,,
666,,,,,,,,,,
667,광운대학교,,화학공학과,2006/03/02,2011/08/24,대졸,졸업,001,,
667,휘경여자고등학교,,,2003/03/03,2006/02/10,고졸,졸업,,,
668,경남전자고등학교,,전자,1991/03/01,1994/02/24,고졸,졸업,001,,
669,울산과학대학,디지털기계학부,컴퓨터응용기계설계전공,2001/03/02,2006/02/17,전문대졸,졸업,001,,
669,울산정보통신고등학교,,정보통신,1998/03/02,2001/02/24,고졸,졸업,,,
670,,,,,,,,,,
671,,,,,,,,,,
672,광정고등학교,,,,,고졸,졸업,,,
673,경주공업고등학교,,,,,고졸,졸업,001,,
674,부산공업고등학교,,,,,고졸,졸업,001,,
675,,,,,,,,,,
676,동의공업고등학교,,,1996/03/03,1999/02/24,고졸,졸업,001,,
677,기장고등학교,,,2001/03/02,2004/02/14,고졸,졸업,,,
677,부산경상전문대학교,,관광영어,2008/03/02,2010/02/14,전문대졸,졸업,001,,
678,울산대학교,일본어학과,일본어,2005/03/02,2010/08/20,대졸,,001,,
679,개금고등학교,,,1994/03/02,1997/02/24,고졸,졸업,,,
679,부경대학교,국제지역학부,국제지역학부,1997/03/02,2004/02/25,대졸,졸업,001,,
680,안동대학교,,금속공학전공,2001/03/05,2008/02/18,대졸,졸업,,,
680,연세대학원,신소재공학과,신소재공학전공,2008/03/05,2010/02/19,대학원졸,졸업,001,,
680,제일고등학교,,,1997/03/05,2000/02/20,고졸,졸업,,,
681,울산대학교,조선해양공학부,조선해양,2004/03/03,2012/02/17,대졸,졸업,001,,
682,부산대학교,응용화학공학부,화학/생명공학과,2008/03/03,2012/08/24,대졸,졸업,001,,
683,양천고등학교,,,1997/03/03,2000/02/12,고졸,,,,
683,한국외국어대학교,,경영학과,2002/03/02,2010/02/26,대졸,졸업,001,광고/홍보,
684,신라고등학교,,,2002/03/01,2005/02/24,고졸,,,,
684,울산과학대학,,세무회계과,2011/03/01,,,,,,
685,원광대학교,정치/행정/언론학부,행정/경영학,2005/03/02,2009/08/25,대졸,졸업,001,,
685,이리여자고등학교,,,2002/03/02,2005/02/09,고졸,,,,
686,울산여자상업고등학교,,행정사무학과,2010/03/01,,,,,,
687,계성여자고등학교,,,2001/03/02,2004/02/20,고졸,,,,
687,서울시립대학교,법학부,법학전공,2007/03/02,2012/02/22,대졸,졸업,001,,
688,울산여자상업고등학교,,관광경영,2010/03/01,2013/02/05,,,,,
689,범서초등학교,,,2000/03/01,2006/02/24,초등졸,졸업,,,
689,울산여자상업고등학교,,국제금융과,2010/03/01,        ,,,,,
689,천상중학교,,,2007/03/01,2009/02/24,중졸,졸업,,,
690,동의대학교,건축학부,건축공학,1999/03/03,2004/02/20,대졸,졸업,001,,
691,대구대학교,,자동차공학,1997/03/04,2001/02/24,대졸,졸업,,,
691,동지고등학교,,,1994/03/04,1997/02/24,고졸,졸업,,,
692,,,,,,,,,,
693,,,,,,,,,,
694,,,,,,,,,,
695,,,,,,,,,,
696,,,,,,,,,,
697,동아 대학교,,기계공학과,1983/03/02,1990/02/24,대졸,졸업,001,,
697,브니엘 고등학교,,,1980/03/02,1983/02/24,고졸,,,,
698,용인고등학교,,,1996/03/02,1999/02/24,고졸,졸업,001,,
699,,,,,,,,,,
700,대구가톨릭대학교,법학과,법학과,2005/03/02,2012/02/20,대졸,졸업,001,,
700,포항오천고등학교,,,2002/03/02,2005/02/24,고졸,,,,
701,,,,,,,,,,
702,울산과학대학,디지털기계학부,기계시스템,2009/03/01,2013/02/15,,,,,
702,태화고등학교,,,2006/03/01,2009/02/24,,졸업,,,
703,,,,,,,,,,
704,대전 보문고등학교,,,,,,,,,
705,,,,,,,,,,
706,동의고등학교,,,,,,,,,
707,부산전자공업고등학교,,,,,,,,,
708,부산상업고등학교,,,,,,,,,
709,성지공업고등학교,,,,,,,,,
710,,,,,,,,,,
711,영남대학교,신소재공학부,금속공학전공,2001/03/02,2009/08/21,대졸,졸업,001,,
711,울산고등학교,,,1998/03/02,2001/02/24,,,,,
712,울산과학대학,,산업경영과,2006/03/02,2008/02/20,전문대졸,,001,,
712,울산자연과학고등학교,,,2002/03/05,2005/02/15,고졸,,,,
713,,,,,,,,,,
714,오산전문대학,,기계설계,1992/03/24,1994/04/24,전문대졸,졸업,001,,
715,경북과학대학,,화장품/향수,2008/03/03,2010/02/19,전문대졸,졸업,001,,
716,광주동신고등학교,,,1996/03/04,1999/02/10,고졸,,,,
716,광주조선대학교,,원자력공학,1999/03/02,2006/08/25,대졸,,001,,
717,동양대학교,,기계학과,2001/03/02,2007/02/24,대졸,,001,,
717,신정고등학교,,,1998/03/02,2001/02/24,고졸,,,,
718,서라벌대학,생명보건학부,보건환경전공,2000/03/02,2005/02/18,전문대졸,졸업,001,,
718,울산신정고등학교,,,1997/03/02,2000/02/20,고졸,졸업,,,
719,울산여자상업고등학교,,국제금융과,2010/03/03,2013/02/08,고졸,,,,
720,대청고등학교,,,1992/03/02,1995/02/13,고졸,졸업,001,,
721,진주기계공업고등학교,,,2001/03/05,2004/02/12,고졸,졸업,001,,
722,일산종합고등학교,,,1996/03/02,1999/02/24,고졸,졸업,001,,
723,,,,,,,,,,
724,울산과학대학,전자과,전자과,1992/03/02,1997/02/04,전문대졸,졸업,001,,
724,울산현대고등학교,,,1989/03/02,1992/02/24,고졸,졸업,,,
724,울산현대중학교,,,1986/03/02,1989/02/24,중졸,졸업,,,
725,마산중학교,,,1985/03/02,1988/02/24,중졸,졸업,,,
725,창신고등학교,,,1988/03/02,1991/02/24,고졸,졸업,,,
725,한국해양대학교,해사수송과학부,,1991/03/06,1997/02/24,,수료,001,,
725,합포초등학교,,,1979/03/02,1985/02/24,초등졸,졸업,,,
726,장항 농공업고등학교,,화공과,1969/03/02,1972/02/24,고졸,졸업,,,
726,판교인명중학교,,,1996/03/02,1969/02/24,중졸,졸업,,,
726,한국방송통신대학교,행정학과,,1975/03/02,1978/08/31,전문대졸,졸업,001,,
727,경일대학교,전기공학과,,1998/03/02,2006/02/17,대졸,졸업,,,
727,영남대학교 대학원,전기공학과,에너지/환경전자전공,2006/03/02,2008/02/22,대학원졸,졸업,001,,
728,경주운화고등학교,,,1986/02/08,1989/03/05,고졸,졸업,001,,
729,문화고등학교,,,1981/03/02,1984/02/13,고졸,졸업,001,,
730,부산 동명대학,,건축설비,1997/03/05,2002/03/05,전문대졸,졸업,001,,
731,홍명고등학교,,,1999/03/04,2002/02/28,고졸,졸업,001,,
732,부산대학교,,환경공학과,1989/03/02,1996/02/24,대졸,졸업,,,
732,부산대학교 환경대학원,,환경공학과,1996/03/02,1998/08/29,대학원졸,졸업,001,,
732,부산진 고등학교,,,1985/03/02,1988/02/24,고졸,졸업,,,
733,강원인력개발원,,,2002/03/02,2004/02/24,,졸업,,,
733,선덕고등학교,,,1994/03/02,1997/02/24,고졸,졸업,,,
733,인천대학교,기계공학과,기계공학전공,2005/03/02,2007/02/15,대졸,졸업,001,,
734,연무고등학교,,,1988/03/02,1991/02/24,고졸,졸업,001,,
735,울산대학교,항공우주공학과,항공우주공학과,2004/03/02,2012/02/17,대졸,졸업,001,,
735,홍명고등학교,,,2005/03/03,2007/02/24,고졸,졸업,,,
736,삼일여자고등학교,,,2005/03/02,2008/02/24,고졸,졸업,,,
736,춘해보건대학,간호과,,2008/03/02,2011/02/11,전문대졸,졸업,001,,
737,대동고등학교,,,1998/03/02,2001/02/24,고졸,졸업,,,
737,동아대학교,건축학부,건축공학전공,2006/03/02,2009/02/20,대졸,졸업,001,,
738,대구영남공업고등학교,,,2005/03/02,2008/02/14,고졸,졸업,001,,
739,성신고등학교,,,1999/03/02,2002/02/24,고졸,졸업,,,
739,울산과학대학,컴퓨터정보학부,컴퓨터네트웍전공,2002/03/04,2008/02/20,전문대졸,졸업,001,,
740,문수고등학교,,이공계,2004/03/02,2007/02/14,고졸,졸업,,,
740,울산대학교,기계자동차공학부,기계자동차공학,2007/03/02,2013/02/15,대졸,졸업,001,,
741,대구가톨릭대학교,,자동차공학전공,1997/03/03,2001/02/20,대졸,졸업,001,,
741,대구달성고등학교,,,1987/03/02,1991/02/08,고졸,졸업,,,
742,금성고등학교,,,1999/03/02,2002/02/24,고졸,졸업,,,
742,인제대학교,국제어문학부,영어영문학전공,2002/03/02,2009/02/19,대졸,졸업,001,,
743,영산대학교,레저건강관리학과,레저건강관리학과,2004/03/02,2008/02/15,대졸,졸업,001,운동재활전공,
743,울산여자고등학교,,,2001/03/02,2004/02/24,고졸,졸업,,,
744,창원대학교,산업시스템공학과,산업시스템공학전문,2004/03/02,2011/08/19,대졸,졸업,001,,
744,포항대동고등학교,,이공계,2001/03/02,2004/02/10,고졸,졸업,,,
745,경신고등학교,,,2002/03/02,2005/03/02,고졸,졸업,,,
745,금오공과대학교,신소재시스템공학부,정보나노소재공학전공,2005/03/02,2013/02/14,대졸,,001,,
746,방어진중학교,,,1999/03/02,2002/02/24,중졸,졸업,,,
746,울산상업고등학교,전산정보과,,2002/03/02,2005/02/15,고졸,졸업,001,,
746,화정초등학교,,,1993/03/02,1999/02/24,초등졸,졸업,,,
747,안동대학교,신소재공학부,금속공학전공,2001/03/02,2008/02/22,대졸,졸업,001,,
747,안동중앙고등학교,,,1998/03/02,2001/02/24,고졸,졸업,,,
748,울산고등학교,,이과,1997/03/02,2000/02/24,고졸,졸업,,,
748,울산대학교,전기전자정보시스템공학부,전기전자제어공학,2000/03/02,2007/02/15,대졸,졸업,001,,
749,부산대학교,,화학공학과,1972/03/02,1979/02/24,대졸,,001,,
749,진주고등학교,,,1969/03/02,1972/02/24,고졸,,,,
750,양산대학,환경안전과,환경안전과,2000/03/02,2004/02/14,전문대졸,졸업,001,,
750,울산현대공업고등학교,,전기과,1997/03/02,2000/02/24,고졸,졸업,,,
751,부산공업고등학교,정밀기계과,,1987/03/02,1990/02/13,고졸,졸업,001,,
752,금성중학교,,,1985/03/02,1988/02/15,중졸,졸업,,,
752,덕원공업고등학교,,전자과,1988/03/01,1991/02/09,고졸,졸업,001,,
752,범일초등학교,,,1979/03/05,1985/02/10,초등졸,졸업,,,
753,동의대학교,기계/정보산업공학부,기계공학,2001/03/02,2007/02/23,대졸,졸업,001,,
754,포항선린대학,,간호과,2006/03/02,2009/02/12,전문대졸,졸업,,,
754,포항선린대학교,,간호과,2010/03/02,2011/02/24,대졸,졸업,001,,
754,포항세명고등학교,,이과,2003/03/02,2006/02/24,고졸,졸업,,,
755,상계고등학교,,자연계,1999/03/02,2002/02/24,고졸,졸업,,,
755,선문대학교,기계공학부,기계공학,2002/03/02,2008/02/15,대졸,졸업,001,,
756,경희대학교,,기계공학,1978/03/02,1997/02/10,대졸,졸업,001,,
756,유한공업고등학교,,기계과,1975/03/02,1978/02/05,고졸,졸업,,,
757,능주고등학교,,자연계,2000/03/02,2003/02/12,고졸,졸업,,,
757,조선대학교,기계공학과,기계공학,2003/03/02,2010/02/25,대졸,졸업,001,경제학,
758,경남대학교,기계자동화공학부,생산자동화시스템,2000/03/02,2008/02/24,대졸,졸업,001,,
758,창신고등학교,,,1997/03/02,2000/02/24,고졸,졸업,,,
759,울산과학대학,디지털기계학부,금형디자인전공,2009/03/02,2013/02/15,전문대졸,졸업,001,,
759,현대정보과학고등학교,,전산응용기계과,2006/03/02,2009/02/19,고졸,졸업,,,
760,양명고등학교,,,1995/03/02,1998/02/24,고졸,졸업,,,
760,울산대학교,수송시스템공학부,조선공학전공,1998/03/02,2005/02/18,대졸,졸업,001,,
761,부산외국어대학교,회계세무행정학부,세무행정,2006/03/02,2013/02/21,대졸,졸업,001,,
761,울산고등학교,,문과,2003/03/02,2006/02/24,고졸,졸업,,,
761,울산대현중학교,,,2000/03/02,2003/02/24,중졸,졸업,,,
761,울산삼신초등학교,,,1994/03/02,2000/02/24,초등졸,졸업,,,
762,고려대학교,정보통계학과,정보통계학,2007/03/01,2013/02/25,대졸,졸업,001,정보통계학심화전공,
763,동아대학교,,국제무역학과,2006/03/07,2012/08/17,대졸,졸업,001,,
763,울산경의고등학교,,,2003/03/04,2006/02/14,고졸,졸업,,,
764,인하대학교,신소재공학부,신소재공학전공,2005/03/02,2011/08/24,대졸,졸업,001,,
765,동국대학교,,경영학전공,2005/03/02,2012/08/17,대졸,졸업,001,문화정보경영과정,
766,경남대학교,기계자동화공학부,기계시스템,2004/03/02,2012/02/17,대졸,졸업,001,,
767,서울대학교 대학원,국제학과,국제지역학전공,2009/09/02,2013/02/26,대학원졸,졸업,001,,
767,한양대학교,,국제학부,2005/03/02,2009/02/24,대졸,졸업,,,
767,Academic Lyceum,,Intern. Relations,2000/09/02,2003/06/24,,졸업,,,
767,Tashkent Fin. Inst.,,Accounting,2003/09/02,2005/01/24,,졸업,,,
768,대송고등학교,,,2002/03/02,2005/02/14,고졸,졸업,,,
768,대송중학교,,,1999/03/02,2002/02/15,중졸,졸업,,,
768,울산대학교,산업경영공학부,산업경영공학,2005/03/02,2013/02/15,대졸,졸업,001,,
769,울산대학교,생명화학공학부,화학공학,2007/03/02,2012/02/17,대졸,졸업,001,,
770,성광여자고등학교,,이공계,2004/03/02,2007/02/24,고졸,졸업,,,
770,울산대학교,건축학부,건축공학,2007/03/02,2012/02/17,대졸,졸업,001,,
771,영남대학교,디스플레이화학공학부,디스플레이화학공학심화전공,2006/03/02,2013/02/22,대졸,졸업,001,,
772,대일고등학교,,이과,1998/03/02,2000/02/24,고졸,졸업,,,
772,홍익대학교,기계정보학과,기계정보공학,2001/03/02,2009/02/20,대졸,졸업,001,,
773,금오공과대학교,신소재시스템공학부,정보나노소재공학전공,2005/03/02,2012/08/17,대졸,졸업,001,,
773,점촌고등학교,,,2002/03/02,2005/02/18,고졸,졸업,,,
774,금오공과대학교,기계공학부,기계공학전공,2006/03/02,2013/02/15,대졸,졸업,001,,
775,부경대학교,화학공학과,화학공학과,2007/03/02,2013/02/22,대졸,졸업,001,,
776,울산고등학교,,,2003/03/02,2006/02/24,고졸,졸업,,,
776,울산대학교,생명화학공학부,생명화공학부,2006/03/02,2013/02/15,대졸,졸업,001,,
777,울산대학교,기계자동차공학부,기계자동차공학,2005/03/02,2013/02/15,대졸,졸업,001,,
778,울산대학교,항공우주공학과,항공우주공학,2006/03/02,2013/02/15,대졸,졸업,001,,
779,울산대학교,기계자동차공학부,기계자동차공학,2005/03/02,2013/02/15,대졸,졸업,001,,
779,통영고등학교,,,2002/03/04,2005/02/18,고졸,졸업,,,
780,경기기계공업고등학교,,기계조립과,1999/03/02,2002/02/24,고졸,졸업,,,
780,신흥전문대학,건축설비과,,2002/03/02,2006/02/17,전문대졸,졸업,001,,
781,부산공업전문대학,,전기공학,1976/03/05,        ,전문대졸,,,,
782,울산남고등학교,,,1992/03/02,1994/02/24,,,,,
782,울산대학교,경영학부,경영정보학,1994/03/02,2001/02/24,대졸,졸업,001,,
783,경남고등학교부설방송통신고,,,1998/03/02,1983/02/24,고졸,졸업,,,
783,울산공업전문대학,,기계과,1983/03/02,1985/02/13,전문대졸,졸업,001,,
784,대연고등학교,,,1997/03/02,2000/02/24,,,,,
784,부경대학교,전자컴퓨터정보통신공학부,전자정보통신공학전공,2000/03/02,2008/02/26,대졸,졸업,001,,
785,경상대학교,,산업시스템공학부,2006/03/02,2010/02/25,대졸,졸업,001,,
785,남창고등학교,,,2003/03/04,2006/02/15,,,,,
786,순천제일대학교,기계전기제어학부,기계전기제어전공,1997/03/02,2003/02/14,대졸,졸업,001,,
786,여수공업고등학교,,,1994/03/02,1997/02/24,고졸,졸업,,,
787,울산과학대학,전기전자통신학부,컴퓨터전자전공,2001/03/02,2006/02/17,전문대졸,졸업,001,,
787,중앙고등학교,,,1998/03/02,2001/02/24,고졸,,,,
788,부경대학교,,안전공학과,2004/03/02,2012/08/24,대졸,졸업,001,소방공학과,
789,경북대학교,일어일문학과,,1991/03/02,1998/08/25,대졸,졸업,001,,
789,학성고등학교,,,1988/03/02,1991/02/24,고졸,졸업,,,
790,방어진고등학교,,,2004/03/02,2007/02/20,고졸,,,,
790,울산대학교,디자인학부,산업디자인,2007/03/02,2013/02/15,대졸,졸업,001,경영학,
791,양운고등학교,,,2002/03/02,2004/02/24,,,,,
791,울산대학교,,첨단소재공학과,2004/03/02,2012/02/24,대졸,,,,
792,울산전문대학,,기계과,1981/03/02,1983/02/24,전문대졸,,,,
793,대구대학교,,통신공학,2002/03/04,2010/02/19,대졸,,001,,
793,포항영신고등학교,,,1999/03/04,2002/02/04,고졸,,,,
794,울산여상,,국제금융,2010/03/02,2013/02/08,고졸,,,,
795,성신고등학교,,,1994/03/02,1997/02/24,고졸,,,,
795,울산대학교,기계자동차공학부,기계공학,1997/03/02,2006/02/17,대졸,졸업,001,,
796,부경대학교,응용화학공학부,화학공학,2001/03/02,2009/02/25,대졸,,,,
796,용인고등학교,,,1998/03/02,2001/02/24,,,,,
797,,,,,,,,,,
798,충북대학교,,생명화학,1995/03/02,1999/02/12,,,,,
799,금오공과대학교,,기계공학부,2004/03/01,2013/02/26,대졸,,,,
799,대구 성서중학교,,,1998/03/02,2001/02/20,,,,,
799,대구 와룡초등학교,,,1992/03/02,1998/02/20,,,,,
799,대구경원고등학교,,,2001/03/02,2004/02/18,,,,,
800,울산대학교,,전기전자제어공학,2006/03/02,2013/08/16,대졸,,,,
800,현대고등학교,,,2003/03/02,2006/02/24,,,,,
801,문명고등학교,,인문계,2003/03/03,2009/02/14,,,,,
801,영남대학교,디스플레이화학공학,디스플레이화학공학심화전공,2006/03/02,2013/08/22,대졸,,001,,
802,동래고등학교,,,1999/03/02,2002/02/24,,,,,
802,울산대학교,전기전자정보시스템공학부,전기전자제어공학,2002/03/02,2008/02/20,대졸,,,,
803,부경대학교,,화학공학,2004/03/02,2009/02/24,대졸,,,,
803,부산고등학교,,,1996/03/02,1999/02/24,,,,,
804,경남대학교,,무역학,2003/03/01,2008/02/20,대졸,졸업,,경제학,
804,성심정보고등학교,,경영학,2000/03/01,2003/02/28,,,,,
805,울산대학교,,항공우주공학과,1995/03/02,2005/02/24,대졸,,,,
805,진주 명신고등학교,,,1992/03/02,1995/02/24,,,,,
805,진주 중앙중학교,,,1989/03/02,1992/02/24,,,,,
805,진주 중앙초등학교,,,1983/03/02,1989/02/24,,,,,
806,영남대학교,,국제통상/역사,2002/03/02,2010/02/15,대졸,졸업,,,
807,광주서강고등학교,,,1994/03/02,1997/02/24,,,,,
807,송원대학,,,2002/03/02,2004/02/24,대졸,,,,
808,서울대학교,,,1999/03/02,2004/08/24,대졸,,,,
808,청주 덕성초등학교,,,1987/03/02,1993/02/24,,,,,
808,청주 세광고등학교,,,1996/03/02,1999/02/24,,,,,
808,청주 주성중학교,,,1993/03/02,1996/02/24,,,,,
809,경일대학교,,국제통상,1999/03/02,2002/02/24,,,,,
809,대구미래대학,,자동차,1996/03/02,1998/02/24,,,,,
809,대구성광고등학교,,자동차,1991/03/02,1994/02/24,,,,,
809,London Metropolitan Univ.,,국제무역운송,2004/09/01,2006/01/01,,,,,
810,명지대학교,,기계공학과,1997/03/02,2006/02/24,대졸,,,,
810,장충고등학교,,,1994/03/02,1997/02/24,,,,,
811,국가평생교육진흥원,,경영학,2008/03/02,2012/02/24,,,,,
811,동남보건대학,,치기공과,2003/03/03,2004/03/23,전문대졸,,,,
811,동일여자고등학교,,이과,1998/03/02,2001/02/13,,,,,
811,안양과학대학(연성대),,건축과,2001/03/02,2003/02/07,전문대졸,,,,
812,강남대학교,,도시건축공학부,2003/03/03,2007/02/20,,,,,
812,상명사대부속여자고등학교,,,1999/03/08,2002/02/19,,,,,
812,한양대학교 일반대학원,,건축구조,2007/02/27,2009/02/20,대학원졸,,,,
813,부흥고등학교,,,1997/03/02,2000/02/24,,,,,
813,우석대학교,,기계자동차공학과,2000/03/02,2008/02/24,대졸,,,,
814,,,,,,,,,,
815,영남대학교,,건축공학,2003/03/03,2011/08/19,대졸,,,,
816,인제대학교,,토목공학과,2004/03/02,2011/02/18,대졸,,,,
817,동국대사범대부속고등학교,,,2002/03/02,2005/02/17,,,,,
817,세종대학교,,기계공학,2005/03/02,2012/08/17,대졸,,,,
818,태원고등학교,,,2002/03/02,2005/02/24,,,,,
818,한국항공대학교,,항공시스템공학,2011/03/02,2013/08/24,,,,,
818,항공대학교 항공기술교육원,,항공정비공학,2006/03/02,2011/02/24,,,,,
819,,,,,,,,,,
820,숭실대학교,,화학공학과,,,대졸,,,,
821,금오공과대학교,,기계공학,2002/03/04,2009/08/14,대졸,,,,
822,경안고등학교,,,2002/03/14,2005/02/14,,,,,
822,인하대학교,,건축공학,2005/03/02,2013/02/22,대졸,,,,
823,가천대학교,,기계자동차공학과,2009/03/01,2013/02/19,대졸,,,,
823,경원전문대학,,자동차과,2006/03/02,,,,,,
824,광주기능대학교,,메카트로닉스공학,2004/03/02,2006/02/24,전문대졸,,,,
824,목포덕인고등학교,,,2001/03/02,2004/02/24,,,,,
824,목포산정초등학교,,,1992/03/02,1998/02/24,,,,,
824,목포영화중학교,,,1998/03/02,2001/02/24,,,,,
825,,,,,,,,,,
826,,,,,,,,,,
827,,,,,,,,,,
828,,,,,,,,,,
829,,,,,,,,,,
830,방송통신고등학교,,,,,,,,,
831,,,,,,,,,,
832,부광고등학교,,,1997/03/02,2000/02/24,,,,,
832,세종대학교,,건축학전공,2002/03/02,2009/02/24,대졸,,,,
833,동국대학교,,안전공학과,2000/03/01,2007/02/15,대졸,,,,
833,신정고등학교,,,1997/03/04,2000/02/11,,,,,
834,울산대학교,,중국어학과,2002/03/02,2007/08/24,대졸,,,,
834,울산여자고등학교,,,1999/03/02,2002/02/24,,,,,
835,방어진고등학교,,,2001/03/04,2005/02/21,,,,,
835,울산대학교,,첨단소재공학부,2005/03/02,2013/08/16,대졸,,,,
836,금오공과대학교,,정보나노소재공학,2005/03/02,2013/02/15,대졸,,,,
837,안동대학교,,기계자동차공학부,2005/03/02,2013/02/24,대졸,,,,
838,울산대학교,,기계자동차공학부,2006/03/02,2012/08/17,대졸,,,,
839,부경대학교,,화학공학과,2008/03/01,2013/02/22,대졸,,,,
839,창원명지여자고등학교,,,2005/03/01,2008/02/22,,,,,
840,,,,,,,,,,
841,부경대학교,,재료공학과,2007/03/02,2013/08/23,대졸,,,,
842,울산대학교,,재료공학,2008/03/03,2013/02/15,대졸,,,,
843,삼천포고등학교,,,,,,,,,
844,동국대학교,,생명화학공학,2008/03/03,2011/03/06,대졸,,,,
845,경남고등학교,,,2001/03/02,2004/02/16,,,,,
845,경남중학교,,,1998/03/02,2001/02/18,,,,,
845,경성대학교,,신소재공학,2004/03/02,2013/02/16,대졸,,,,
845,동신초등학교,,,1992/03/02,1998/02/16,,,,,
846,건양대학교,,기계공학과,2002/03/02,2008/02/24,,,,,
846,계산고등학교,,,1999/03/02,2002/02/24,,,,,
846,안남초등학교,,,1990/03/02,1996/02/24,,,,,
846,임학중학교,,,1996/03/02,1999/02/24,,,,,
847,,,,,,,,,,
848,금오공과대학교,,응용수학,2005/03/02,2012/08/17,대졸,,,,
848,달성고등학교,,,2002/03/02,2005/02/18,,,,,
849,금오공과대학교,,기계공학,2010/03/02,2013/08/24,대졸,,,,
849,영남 외국어 대학,,일본어,2004/02/02,2010/02/24,전문대졸,,,,
849,울산제일고등학교,,,2001/02/02,2004/02/24,,,,,
850,,,,,,,,,,
851,경주여자고등학교,,,1997/03/02,2000/02/24,,,,,
851,계명대학교,,중어중문/경영,2000/03/02,2005/02/24,대졸,,,,
852,,,,,,,,,,
853,구미금오공과대학교,,정보나노소재공학과,2004/03/02,2011/02/15,대졸,,,,
853,금오공과대학교 대학원,,신소재공학과,2011/03/02,2013/02/15,대학원졸,,,,
853,대구대륜고등학교,,,2001/03/02,2004/02/18,,,,,
854,,,,,,,,,,
855,,,,,,,,,,
856,,,,,,,,,,
857,,,,,,,,,,
858,농소고등학교,,,,,,,,,
858,울산대학교,,경영학,2005/03/02,2013/02/15,대졸,,,,
859,울산상업고등학교,,,1996/03/02,1999/02/24,고졸,,,,
860,한국광산고등학교,,,1997/03/08,2000/02/10,고졸,,,,
861,울산경영정보고등학교,,생활체육과,2000/03/03,2003/02/15,,,,,
862,남산고등학교,,,1996/03/01,1999/02/01,,,,,
862,부산대학교,전자전기통신공학,전자전기통신공학,1999/03/01,2006/08/01,대졸,졸업,001,,
863,동아대학교,,기계공학,1983/03/02,1990/02/25,,,,,
863,부산중앙고등학교,,,1980/03/02,1983/02/25,,,,,
864,부산정보대학,,자동차,2001/03/02,2006/02/15,전문대졸,졸업,,,
865,창원전문대학,,토목과,2007/03/01,2009/02/01,전문대졸,졸업,,,
866,웅상고등학교,,,,,고졸,,,,
867,포항 흥해 공업고등학교,,컴퓨터응용기계,2006/03/02,2009/02/24,,,,,
867,한국폴리텍울산캠퍼스,,산업설비자동화,2009/03/02,2013/02/24,전문대졸,,,,
868,삼호중학교,,,2008/03/02,2011/02/24,,,,,
868,옥현초등학교,,,2002/03/02,2008/02/24,,,,,
868,울산여자상업고등학교,,관광경영과,2011/03/02,2014/02/24,고졸,,,,
869,영남대학교,,환경공학과,2005/03/02,2013/02/22,대졸,,001,,
869,와룡고등학교,,,2002/03/02,2005/02/24,고졸,,,,
870,울산대학교,,기계자동차공학부,2003/03/02,2012/03/24,대졸,,,,
870,현대고등학교,,,2000/02/01,2003/02/24,,,,,
871,창원 기계공업고등학교,,기계제도,1987/03/01,1990/02/01,,,,,
871,창원문성대학,,자동차,2006/03/01,2008/02/01,전문대졸,졸업,001,,
872,울산대학교,,기계공학과,1986/03/01,1992/02/01,대졸,,,,
872,중앙고등학교,,,1982/03/02,1985/02/14,고졸,,,,
873,부산인력개발원,,기계설계,2001/03/02,2003/03/24,,,,,
873,포항중앙고등학교,,,1997/03/02,2000/02/24,,,,,
873,한국방송통신대학교,,무역과,2006/03/02,2008/02/24,,,,,
874,영남대학교,,경제금융,2006/03/06,2013/02/22,,,,,
874,영일고등학교,,,2003/03/03,2006/02/20,,,,,
875,대구공업대학,공업경영학과,공업경영,1998/03/01,2003/02/01,,졸업,001,,
875,대구달서공업고등학교,,기계,1995/03/01,1998/02/01,,,,,
876,동천고등학교,,,2002/03/01,2005/02/01,,,001,,
876,한국해양대학교,전기전자공학부,전기전자공학,2005/03/01,2013/08/01,대졸,,,,
877,울산대학교,조선해양공학과,조선해양,2003/03/03,2012/02/17,대졸,졸업,001,,
877,학성고등학교,,,2000/03/03,2003/02/27,,,,,
878,서울기계고등학교,기계과,기계과,1986/03/03,1989/02/27,,,,,
878,수원과학대,기계설계과,기계설계,1992/03/03,1994/02/27,대졸,졸업,001,,
879,연암공업대학,,컴퓨터공학,2004/02/27,2009/02/13,전문대졸,,001,,
879,홍명고등학교,,,2001/03/02,2013/02/24,,,,,
880,,,,,,,,,,
881,명정초등학교,,,2001/03/02,2007/02/24,,,,,
881,울산여자상업고등학교,,유통마케팅과,2011/03/02,2014/02/24,고졸,,,,
881,학성여자중학교,,,2007/03/02,2010/02/24,,,,,
882,대건고등학교,,,1994/03/02,1997/02/12,,,,,
882,영남대학교,,경영학,1998/03/02,2006/02/22,대졸,졸업,001,,
883,울산과학대학,,전기과,1994/02/20,2000/02/18,전문대졸,,,,
883,울산남고,,,1990/02/20,1993/03/02,,,,,
884,울산대학교,,생명환경공학,1999/03/02,2007/02/15,대졸,졸업,,,
885,대구대학교,,자동차공학,2006/03/02,2011/02/01,,자퇴,,,
885,충남대학교,,기계공학,2011/03/02,2014/02/21,,기타,,,
886,울산상업고등학교,,행정사무과,2011/03/03,2014/02/24,고졸,,,,
887,울산대학교,,물리학,1990/03/02,1998/02/24,대졸,,,,
888,울산상업고등학교,,상업과,1997/03/02,1999/02/24,고졸,,,,
889,울산대학교,,영어영문학,2003/03/03,2007/02/15,대졸,,,,
889,현대청운고등학교,,,2000/03/01,2003/02/01,,,,,
890,경상공업고등학교,,전기과,1987/03/01,1990/02/01,고졸,졸업,001,,
891,금오공과대학교,,기계공학부,2005/03/03,2008/08/17,대졸,,,,
891,영남고등학교,,,1995/03/03,1998/02/14,,,,,
891,영진전문대학교,,CAD/CAM,2003/03/03,2005/02/15,전문대졸,,,,
892,울산대학교,,건축공학,2007/03/01,2010/02/01,대졸,,001,,
892,홍명고등학교,,자연계,2000/03/01,2003/02/01,,,,,
893,금오공과대학교,,기계공학,2007/03/02,2014/02/14,대졸,,001,,
894,국립 한밭대학교,,생산가공공학,2006/03/02,2013/08/02,대졸,,,,
894,서일고등학교,,,2003/03/02,2006/02/24,,,,,
895,경주문화고등학교,,,1977/03/01,1980/02/01,고졸,,,,
896,울산공업고등학교,,기계과,1984/03/05,1987/02/14,,,,,
897,동명대학,,건축설비과,1997/03/02,2002/02/22,전문대졸,,,,
897,삼량진고등학교,,,1994/03/02,1997/02/24,,,,,
898,홍명고등학교,,,2000/01/10,2002/02/08,고졸,,,,
899,기장고등학교,,,1994/03/02,1997/02/24,고졸,,,,
900,부산 동고등학교,,,1996/03/04,1999/02/11,고졸,,001,,
901,울산공업고등학교,,,1985/03/02,1988/02/01,고졸,,,,
901,한국통신대학교,,관광,2009/03/01,,,휴학,,,
902,검정고시,,,2004/05/06,2004/05/06,고졸,,,,
903,건국고등학교,,,2004/03/02,2007/02/20,고졸,,,,
904,위덕대학교,,전자공학과,2000/03/01,2007/02/22,대졸,졸업,,,
905,울산상업고등학교,,상과,1989/03/10,1992/02/20,,,,,
906,울산신정고등학교,,,,,고졸,,,,
907,성신고등학교,,,2001/03/02,2004/02/24,,,,,
907,한국폴리텍대학 울산캠퍼스,,산업설비자동화,2012/03/02,2014/02/24,전문대졸,,,,
908,보광고등학교,,,2006/03/02,2009/02/24,,,,,
908,한국폴리텍대학 울산캠퍼스,,산업설비자동화,2009/03/02,2014/02/24,전문대졸,,,,
909,울산대학교,,기계자동차공학,2006/03/02,2013/08/16,대졸,,,,
909,현대고등학교,,,2003/03/03,2006/02/16,,,,,
910,동아대학교,,기계공학과,2007/03/02,2014/02/17,,,,,
910,학성고등학교,,,2003/03/03,2006/02/14,,,,,
911,한국해양대학교,,환경공학과,2004/03/02,2012/02/24,,,,,
911,혜광고등학교,,,2001/03/02,2004/02/24,,,,,
912,포항해양과학고등학교,,,2005/03/02,2008/02/24,,,,,
913,대구공업고등학교,,섬유설계,2006/03/02,2009/02/24,,,,,
913,영진전문대학,,신재생전기계열,2009/03/02,2013/02/24,전문대졸,,,,
914,울산공대,,,1983/03/05,,,,,,
915,의정부공업고등학교,,기계,2001/03/02,,,,,,
915,포천중학교,,,1998/03/02,2001/02/24,,,,,
916,만덕고등학교,,,2002/03/02,2005/02/18,,,,,
916,학점은행제,,경영학과,2010/11/30,2012/08/31,,,,,
917,경원고등학교,,,2005/03/05,2008/02/03,고졸,,,,
918,동서대학교,,멀티미디어디자인,2006/03/02,2014/02/14,,,,,
918,학성고등학교,,,2003/03/03,2009/02/15,,,,,
919,울산과학대학교,,전기과,2012/03/02,,,,,,
919,울산컴퓨터과학고등학교,,,2006/03/02,2009/02/24,고졸,,,,
920,울산상업여자고등학교,,행정사무과,2011/03/03,2014/02/24,,,,,
921,고려대학교,,기계공학과,1980/03/02,1986/02/24,대졸,,001,,
921,부산동아고등학교,,,1977/03/02,1980/02/20,고졸,,,,
922,동아고등학교,,,2000/03/01,2003/02/19,고졸,,,,
922,동아대학교,,기계공학과,2003/03/01,2012/02/17,대졸,,,,
923,울산대학교,,화학공학과,2006/03/06,2014/02/14,,,,,
924,서울용산공업고등학교,,전기공학,1975/03/02,1978/02/20,고졸,,,,
925,울산대학교,,경영학,2006/03/02,2014/02/14,대졸,,,,
926,울산과학대학교,,기계시스템과,2010/03/02,2014/02/24,전문대졸,,,,
926,울산마이스터고등학교,,전자기계과,2007/03/02,2010/02/24,,,,,
927,해운대고등학교,,,1988/03/03,1991/02/28,고졸,,,,
928,삼량진중학교,,,,,중졸,,,,
929,삼천포고등학교,,,,,고졸,,,,
930,광성고등학교,,전자,,,고졸,,,,
931,대구 대건고등학교,,,1989/03/02,1990/02/24,고졸,,,,
932,장안고등학교,,,1995/03/02,1997/02/24,고졸,,,,
933,해운대 공업고등학교,,전자제어,2007/03/02,2010/02/24,고졸,,,,
934,현대공업고등학교,,자동차,1993/03/28,1996/02/23,고졸,,,,
935,자연농업고등학교,,,1996/03/02,1999/02/13,고졸,,,,
936,한밭고등학교,,,2003/03/03,2006/02/16,,,,,
936,한밭대학교,,용접공학과,2006/03/02,2013/08/24,대졸,,,,
937,금오고등학교,,,2001/03/02,2004/02/20,,,,,
937,금오공과대학교,,정보나노소재공학과,2006/03/02,2013/08/23,대졸,,,,
938,부산성지공업고등학교,,화공과,1996/03/02,1999/02/24,고졸,,,,
939,동의공업대학,,자동차과,1999/03/02,2004/03/24,,,,,
939,성지공업고등학교,,자동차과,1996/03/02,1999/02/24,,,,,
940,성신고등학교,,,1990/03/01,1993/02/24,,,,,
940,울산과학대학,,기계과,1993/03/02,1998/02/24,,,,,
941,국립한밭대학교,,생산가공공학전공,2007/03/02,2013/02/22,대졸,,,,
941,충남고등학교,,,2002/03/02,2005/02/24,,,,,
942,울산공업고등학교,,로봇자동화,2007/03/02,2010/02/24,고졸,,,,
942,울산과학대학,,디지털기계,2010/03/02,2014/02/24,전문대졸,,,,
943,서울대학교,,농업기계,1987/03/02,1994/02/16,,,,,
943,인천 광성고,,,1984/03/02,1987/02/24,,,,,
944,울산여자상업고등학교,,관광경영학과,2011/03/02,2014/02/11,고졸,졸업,001,,
945,동아대학교,,국제무역학과,2003/03/02,2011/08/19,대졸,,,,
946,대구대학교,,산업공학,2003/03/02,2009/02/14,대졸,졸업,001,,
947,,,,,,,,,,
948,현대공업고등학교,,전자,1991/03/02,1994/02/01,,,,,
949,경성대학교,,국제무역통상학,2001/03/02,2008/02/24,,,,,
949,통영고등학교,,,1997/03/02,2000/02/24,,,,,
950,울산대학교,,기계자동차공학부,2000/03/02,2008/08/14,대졸,,,,
951,울산상업고등학교,,정보처리과,1998/03/02,2001/02/24,,,,,
952,경산1대학,,자동차과,2008/03/02,2012/02/24,,,,,
952,부산기계고등학교,,산업설비과,2005/03/02,2008/02/24,,,,,
953,경신고등학교,,,2001/03/02,2004/02/12,,,,,
953,부경대학교,,금속공학,2004/03/02,2013/02/22,,,,,
954,울산대학교,,화학공학과,2005/03/02,2011/08/25,대졸,,,,
955,,,,,,,,,,
956,울산대학교,,경영학과,2007/03/05,2014/02/21,대졸,,,,
956,효정고등학교,,,2004/03/03,2007/02/09,,,,,
957,동의대학교,,기계공학과,2008/03/02,2014/02/24,대졸,,,,
957,부산대저고등학교,,,2005/03/02,2008/02/24,,,,,
958,한밭대학교,,생산가공공학,2006/03/02,2014/02/21,대졸,,001,,
959,대구가톨릭대학교,,기계자동차공학,2002/03/04,2010/02/22,대졸,졸업,001,,
959,홍명고등학교,,,1999/03/02,2002/02/09,,,,,
960,한국폴리텍 대학,,생산자동화,2000/03/05,2002/02/17,전문대졸,졸업,001,,
961,해운대고등학교,,,        ,1995/02/14,고졸,졸업,001,,
962,성심외국어전문대학,,경영정보학,1995/03/02,1999/02/14,전문대졸,,001,,
963,울산대학교,,기계자동차공학,2005/03/02,2013/08/31,대졸,졸업,001,,
964,울산대학교,,경제학과,2007/03/02,2014/02/21,대졸,,001,,
964,현대고등학교,,,2004/03/02,2007/02/14,고졸,,,,
965,양정고등학교,,,2005/03/02,2008/02/13,고졸,,,,
965,한밭대학교,,재료공학과,2008/03/03,2014/02/21,대졸,,001,,
966,전남제일고등학교,,,2003/03/02,2006/02/24,고졸,,,,
966,조선대학교,메카트로닉스공학과,메카트로닉스공학과,2006/03/02,2013/02/22,대졸,졸업,,,
967,고졸 검정고시,,,2005/08/29,2005/08/29,,졸업,,,
967,웅상중학교,,,1999/03/02,2002/02/24,,졸업,,,
968,제주함덕종합고등학교,,,1992/03/02,1995/02/24,,졸업,,,
969,울산경영정보고등학교,,,2002/03/02,2005/02/15,고졸,졸업,,,
970,홍익대학교(분),,화학시스템공학,2007/03/01,2013/08/23,대졸,졸업,001,,
971,거제중앙고등학교,,,2000/03/02,2003/02/24,,,,,
971,창원대학교,,화공시스템공학과,2003/03/02,2009/02/24,대졸,,001,,
972,동일여자상업고등학교,,국제항공서비스학과,2011/03/03,2014/02/05,,,,,
973,,,,,,,,,,
974,영남대학교,,화학공학과,2006/03/02,2014/02/21,대졸,졸업,001,,
974,영진고등학교,,,2003/03/03,2006/02/10,,졸업,,,
975,서울전문대학,,건축학과,2007/03/07,2009/02/13,전문대졸,졸업,001,,
976,창원고등학교,,,2007/03/02,2010/02/24,고졸,졸업,001,,
976,창원전문대학,,특수장비,2010/03/02,,전문대졸,자퇴,,,
977,동아대학교,,기계공학과,2006/03/02,2014/02/17,대졸,졸업,,,
977,울산제일고등학교,,,2003/03/02,2006/02/24,고졸,,,,
978,조선대학교,,기계공학과,2007/03/02,2014/02/25,대졸,,,,
979,가천대학교,,기계자동차공학과,2008/03/02,2014/02/14,대졸,졸업,001,,
979,광문고등학교,,,2005/03/02,2008/02/14,고졸,졸업,,,
980,대전동산고등학교,,,2003/03/02,2006/02/28,,,,,
980,한밭대학교,,기계설계공학,2006/03/02,2014/02/21,대졸,,001,,
981,동국대학교(경주),,컴퓨터공학과,2003/03/02,2005/02/18,대졸,,001,,
981,울산공업고등학교,,토목,1994/03/02,1997/02/24,,,,,
981,울산전문대학,,토목공학,1997/03/02,2002/02/24,,,,,
982,배명고등학교,,,2003/03/02,2006/02/24,,,,,
983,동의공업고등학교,,전기제어,2004/03/01,2007/02/24,,,,,
984,,,,,,,,,,
985,울산대학교,,화학공학과,2007/03/01,2014/02/21,대졸,,,,
986,양산전문대학,,건축학과,2002/03/02,2007/02/09,전문대졸,,,,
986,홍명고등학교,,,1999/03/03,2002/02/08,고졸,,,,
987,울산과학대학,,건축학과,1999/03/02,2004/02/24,전문대졸,,,,
987,현대공업고등학교,,,1996/03/02,1999/02/24,,,,,
988,영남대학교,,기계공학과,1969/03/01,1973/02/24,대졸,,,,
989,울산과학대학,산업경영과,산업경영과,2010/03/02,2014/02/21,대졸,,,,
989,울산인터넷고등학교,,전산정보과,2007/03/02,2010/02/10,고졸,,,,
990,부산대학교(편입),,회계학,2012/03/01,2014/02/28,대졸,졸업,001,,
990,세광고등학교,,,2004/03/01,2007/02/28,고졸,졸업,,,
990,청주대학교,,회계학,2007/03/01,2011/02/28,대졸,,,,
991,서울 용산고등학교,,,1984/03/02,1987/02/24,고졸,,,,
991,호서대학교,,수학과,1991/03/04,1996/02/16,대졸,,001,,
992,부경대학교,,소방공학과,2007/03/02,2013/02/22,대졸,,,,
993,동아대학교(편입),,화학공학과,2010/03/02,2013/02/19,대졸,졸업,,,
993,동의대학교,,산업경영공학과,2006/03/02,        ,,,,,
993,학성고등학교,,,2003/03/02,2006/02/24,고졸,졸업,,,
994,금오공과대학교,신소재시스템공학부,정보나노소재공학전공,2007/03/02,2014/02/14,전문대졸,졸업,001,,
994,세명고등학교,,,2004/03/02,2007/02/24,고졸,,,,
995,울산여자상업고등학교,,행정사무,2011/03/02,2014/02/14,고졸,졸업,001,,
996,금오공과대학교,신소재시스템공학부,고분자공학전공,2007/03/02,2014/02/14,대졸,,001,,
996,신명고등학교,,,2004/03/02,2007/02/24,고졸,,,,
997,동천고등학교,,,2001/03/02,2004/02/24,고졸,,,,
997,한국해양대학교,환경공학과,환경공학심화,2006/03/02,2012/08/22,대졸,,001,,
998,울산여자상업고등학교,,관광경영과,2011/03/02,2014/02/24,고졸,졸업,,,
999,경운대학교,,컴퓨터공학과,2000/03/02,2006/02/15,대졸,졸업,,,
999,현대공업고등학교,,기계과,1997/03/02,2000/02/24,고졸,,,,
1000,경산1대학,,모바일정보통신과,2002/02/28,2006/02/10,전문대졸,,001,,
1000,울산공업고등학교,,기계과,1999/03/02,2002/02/24,고졸,,,,
1001,,,,,,,,,,
1002,,,,,,,,,,
1003,,,,,,,,,,
1004,경남대 대학원,기계공학과,재료및설계공학,2005/03/02,2007/02/22,대학원졸,졸업,,,
1004,경남대학교,,기계공학,1998/03/02,2005/02/24,대졸,,,,
1004,삼천포 고등학교,,,1995/03/02,1998/02/24,고졸,,,,
1005,경희대학교,기계과,기계과,2005/03/02,2012/02/15,대졸,졸업,001,,
1005,울산제일고,,,2002/03/02,2005/02/14,,,,,
1006,대구한의대학교,,국어국문학과,1999/03/02,2006/02/22,대졸,,001,,
1006,제일고등학교,,,1996/03/02,1999/02/22,,,,,
1007,울산고등학교,,,2001/03/02,2004/02/24,고졸,,,,
1007,울산대학교,경영정보학과,경영정보학,2005/03/02,2013/08/16,대졸,졸업,,,
1008,경희대학교,,기계공학,2005/03/02,2014/02/12,대졸,,,,
1009,울산대학교,,전기전자,2001/03/02,2009/02/20,대졸,,,,
1009,울산제일고등학교,,,1998/03/02,2001/02/20,고졸,,,,
1010,성신고등학교,,,2000/03/02,2003/02/24,고졸,,,,
1010,울산대학교,,항공우주공학과,2003/03/02,2011/02/18,대졸,,,,
1011,복단대 경제대학원,,중국경제학,2009/09/01,2010/07/15,대학원졸,,,,
1011,삼육대학교,,컴퓨터과학,2006/03/01,2008/02/14,대졸,,,,
1011,삼육의명 전문대학,,전산정보학,2000/03/01,2002/02/14,전문대졸,,,,
1011,중앙대 경영전문대학원,,BRICS MBA(경영학),2009/03/02,2011/02/18,대학원졸,,,,
1012,건국대학교,,기계공학,2007/03/02,2013/02/22,대졸,졸업,,,
1013,문일고등학교,,,1997/03/02,2000/02/24,고졸,졸업,,,
1013,한국산업기술대학교,,기계공학과,2001/03/02,2008/02/21,전문대졸,졸업,,,
1014,제주관광대학,,메카트로닉스계열(CAD/CNC),1999/03/02,2004/02/06,전문대졸,졸업,001,,
1014,학점은행제,,메카트로닉스,2013/03/01,2014/02/14,,졸업,,,
1014,한림고등학교,,,1999/03/02,1999/02/24,,졸업,,,
1015,대연고등학교,,대연고등학교,2000/03/02,2003/02/14,고졸,졸업,,,
1015,영산대학교,,호텔경영학과,2003/03/02,2011/08/31,대졸,졸업,001,,
1016,포항중앙고등학교,,,2006/03/02,2009/03/14,고졸,졸업,001,,
1017,서울대성고등학교,,,1997/03/02,2000/02/24,,,,,
1017,수원과학전문대학,,자동차시스템,2001/03/02,2007/02/15,전문대졸,졸업,001,,
1018,울산대학교,기계공학부,기계자동차공학,2006/03/02,2014/08/14,대졸,졸업,,,
1018,현대고등학교,,,2003/03/02,2006/02/24,고졸,,,,
1019,,,,,,,,,,
1020,,,,,,,,,,
1021,,,,,,,,,,
1022,구미전자공업고등학교,,정보통신,2003/03/02,2006/02/24,고졸,,,,
1022,금오공과대학교,,기계공학과,2006/03/02,2006/02/14,대졸,,001,,
1023,연세대학교(분교),,환경공학,2000/03/02,2006/08/25,대졸,졸업,001,경영학,
1024,풍생고등학교,,,1996/03/02,1999/02/19,고졸,,,,
1024,호서대학교,환경안전공학부,안전시스템공학전공,1999/02/26,2006/02/17,대졸,졸업,,,
1025,안동 경일고등학교,,,1995/03/02,1998/02/24,,,,,
1025,울산과학대학,,기계학과,1998/03/02,2002/02/24,전문대졸,,001,,
1026,동명전문대학,,금속세공과,2001/03/02,2006/08/23,전문대졸,졸업,,,
1027,방어진고등학교,,,1998/03/03,2001/02/14,,,,,
1027,울산과학대학,,선박해양시스템,2001/03/02,2007/02/15,전문대졸,졸업,001,,
1028,영산대학교,,영어학과,2005/03/02,2012/02/24,대졸,,001,,
1028,홍명고등학교,,,2002/03/02,2005/02/24,고졸,,,,
1029,,,,,,,,,,
1030,동국대학교,안전환경시스템공학과,안전환경시스템공학,2004/03/02,2012/02/17,대졸,,001,,
1030,현대고등학교,,,2001/03/02,2004/02/14,,졸업,,,
1031,경북대학교사대부설고등학교,,,2002/03/04,2005/02/06,고졸,졸업,,,
1031,금오공과대학교,신소재시스템공학부,정보나노소재공학,2006/03/02,2014/02/14,대졸,졸업,001,,
1032,동아대학교,,국어국문학과,2000/03/02,2007/02/28,대졸,졸업,001,경영학과,
1032,부산사대부설고등학교,,,1997/03/02,2000/02/28,고졸,,,,
1033,대구 협성고등학교,,,1965/03/02,1968/02/24,고졸,,001,,
1034,울산여자고등학교,,국제금융과,2010/03/02,2013/02/24,,,,,
1035,구로 고등학교,,,1998/03/02,2001/02/24,고졸,,,,
1035,대림전문대학,,플랜트제어설계,2002/03/02,2008/02/24,전문대졸,,001,,
1036,서울 인헌고등학교,,,1999/03/02,2002/02/24,고졸,,,,
1036,"연성(구,안양과학)전문대학",,디지털정보토신학과,2002/03/02,2007/02/24,전문대졸,,001,,
1037,금오공과대학교,,기계공학과,2007/03/02,2014/08/22,대졸,,001,,
1037,진주고등학교,,,2004/03/02,2007/02/13,,,,,
1038,울산대학교,생명화학공학부,화학공학과,2007/03/02,2014/08/14,대졸,,001,,
1038,울산중앙고등학교,,,2004/03/04,2007/02/14,,,,,
1039,경동고등학교,,,1982/03/02,1952/02/24,고졸,,,,
1039,고려대학교,,영어영문학과,1985/03/01,1992/02/25,대졸,,001,,
1040,울산공업전문대학,,기계과,1982/03/02,1998/01/30,전문대졸,,001,,
1041,,,,,,,,,,
1042,동아대학교,,기계공학과,1989/03/02,1997/02/22,대졸,졸업,001,,
1042,부산기계공고,,,1983/03/02,1988/02/24,,,,,
1043,부산외국어대학교,,컴퓨터전자공학과,2002/03/02,2007/02/24,,,,,
1043,울산대학교,전기전자정보시스템학부,전기전자제어공학,2007/03/02,2009/02/20,대졸,졸업,001,,
1043,울산제일고등학교,,,1999/03/02,2002/02/24,,,,,
1044,울산여자상업고등학교,,행정사무과,2012/03/02,2015/02/24,고졸,,001,,
1045,,,,,,,,,,
1046,봉화종합고등학교,,,1980/03/05,1984/02/11,,,,,
1047,,,,,,,,,,
1048,동의공업대학교,자동차학과,,1999/03/01,2004/02/01,,,,,
1048,부산성지공업고등학교,자동차학과,,1996/03/01,1999/02/01,,,,,
1049,서울 서라벌 고등학교,,,1970/03/02,1973/02/20,고졸,,,,
1049,울산과학대학,,기계과,1982/03/04,1984/02/20,전문대졸,,001,,
1050,,,,,,,,,,
1051,,,,,,,,,,
1052,울산과학대학,디지털기계학부,기계설계전공,1998/03/02,2003/02/20,전문대졸,,001,,
1052,울산제일고등학교,,,1995/03/02,1998/02/24,고졸,,,,
1053,휘경공업고등학교,자동차중기학과,,,2007/02/01,,,,,
1054,,,,,,,,,,
1055,,,,,,,,,,
1056,국민대학교,,회계학,1986/03/01,1993/02/28,대졸,,,,
1056,숭실고등학교,,,1981/03/01,1984/02/28,고졸,,,,
1057,,,,,,,,,,
1058,,,,,,,,,,
1059,영주제일고등학교,,기계과,1969/03/02,1972/02/24,고졸,,,,
1060,울산대학교,,조선해양학과,2003/03/02,2008/11/17,,기타,001,,
1060,울산제일고등학교,,이과,2000/03/02,2003/02/24,고졸,,,,
1061,부경대학교,,생산가공공학과,1992/03/02,1998/02/26,대졸,,001,,
1061,부산공업고등학교,,배관/용점,1988/03/02,1991/02/24,고졸,졸업,,,
1062,,,,,,,,,,
1063,경일대학교,,전기공학과,1998/03/02,2006/02/24,대졸,,,,
1063,영남대학교 대학원,,전기공학과,2006/03/02,2008/02/24,대학원졸,,001,,
1063,청구고등학교,,,1995/03/02,1998/02/24,고졸,,,,
1064,창신전문대학,,건축과,1998/03/09,2000/02/11,전문대졸,,001,,
1064,창원공업고등학교,,기계과,1989/03/02,1992/02/24,고졸,,,,
1065,울산대학교,기계자동차공학부,기계자동차공학전공,2001/03/01,2010/02/01,대졸,,001,,
1066,서울과학기술대학교,,기계공학과,2003/03/02,2010/02/24,대졸,,001,,
1066,양재고등학교,,,1999/03/02,2002/02/24,고졸,,,,
1067,울산대학교,회계학과,회계학과,2003/03/02,2014/02/21,,,,,
1068,성신고등학교,,,2003/03/01,2006/02/01,,,,,
1068,울산대학교,경영학과,경영학과,2006/03/01,2014/02/01,,,,,
1069,대양전자정보고등학교,,컴퓨터응용,2004/03/01,2007/02/01,,,,,
1069,울산대학교,기계자동차공학부,,2007/03/01,2014/08/01,,,,,
1070,부산 동아공업고등학교,,기계과,1983/03/01,1986/02/01,,,,,
1070,한국방송통신대학교,,경영학과,1996/03/01,2002/02/01,대졸,,,,
1071,동아대학교,,기계공학과,1993/03/02,2001/02/24,대졸,졸업,001,,
1071,부산 충렬고등학교,,,1990/03/02,1993/02/24,고졸,,,,
1072,,,,,,,,,,
1073,,,,,,,,,,
1074,남창고등학교,,,1997/03/01,2000/02/01,고졸,,,,
1075,대구대학교,관광통역학과,,1999/03/03,2003/03/05,,,,,
1075,울산남고등학교,문과,,1996/03/05,1999/02/25,,,,,
1076,한국해양대학교,,해상수송,1993/03/01,1997/02/01,대졸,,,,
1077,연암공업대학교,기계설계학과,기계설계학과,1996/03/02,2002/02/01,대졸,,001,,
1078,,,,,,,,,,
1079,한강미디어고등학교,,,2012/03/01,2015/03/01,고졸,,,,
1080,사직고등학교,,,2001/03/02,2004/02/24,,,,,
1080,서울디지털대학교,,영어학과,2010/03/02,2013/02/16,대졸,졸업,001,,
1081,울산고등학교,,,1990/03/01,1993/02/01,,,,,
1081,울산대학교,,재료공학과,1993/03/01,2001/02/01,,,,,
1082,,,,,,,,,,
1083,울산제일고등학교,,,1989/03/01,1992/02/01,,,,,
1083,중앙대학교,,경영학과,1992/03/01,2000/02/01,대졸,,,,
1084,배정고등학교,,,1993/03/01,1996/02/21,,,,,
1084,아주대학교,,경영학부,1997/03/01,2004/08/20,,,,,
1085,현대공업고등학교,,전기과,1991/02/01,1994/02/01,,,,,
1086,명정초등학교,,,2003/03/02,2009/02/01,,,,,
1086,울산여자상업고등학교,,국제금융과,2012/03/02,        ,,,,,
1086,학성여자중학교,,,2009/03/02,2012/02/01,,,,,
1087,경북공업고등학교,,기계과,1996/02/01,1999/03/01,,,,,
1087,대구과학대학교,,경찰사이버보안과,2004/02/01,2006/03/01,,,,,
1088,대진정보통신고등학교,,,2004/03/01,2007/01/01,,,,,
1088,신라대학교,전자재료공학과,전자재료공학전공,2007/03/01,2011/08/01,,,,,
1089,인천기계공업고등학교,,기계,1978/03/02,1981/02/24,고졸,,,,
1090,상인고등학교,,,2004/03/02,2007/02/14,고졸,,,,
1090,울산대학교,,기계자동차공학부,2007/03/02,2014/02/14,대졸,,,,
1091,서일고등학교,,인문,2004/03/02,2007/02/23,,,,,
1091,한밭대학교,생산가공공학과,생산가공공학,2007/03/05,2014/08/22,,,,,
1092,포항선린전문대학교,컴퓨터학과,,2003/03/01,        ,,자퇴,,,
1092,현대정보과학고등학교,건축학과,,2000/03/01,2003/02/01,,,,,
1093,경남공업고등학교,,기계,1989/02/01,,,,,,
1094,해운대고등학교,,인문,1983/03/01,1986/02/01,,,,,
1095,,,,,,,,,,
1096,울산고등학교,,이과,2005/03/01,2008/02/01,,,,,
1097,부산상업고,,,1968/03/02,1971/02/24,고졸,,,,
1098,경성대학교,환경공학과,환경공학과,1999/03/02,2007/02/01,,,,,
1099,경원고등학교,,,1996/03/01,1999/02/01,,,,,
1099,영남대학교,,기계공학,1999/03/02,2007/02/22,,,,,
1100,울산마이스터고등학교,컴퓨터응용제어과,,2003/03/01,2006/02/01,,,,,
1101,울산과학대학교,,전기,2012/03/01,,,,,,
1101,울산중앙고등학교,,문과,2009/03/01,2012/02/14,,,,,
1102,동원과학기술대학교,자동차학과,,2011/03/01,,,휴학,,,
1102,문수고등학교,,,2008/03/01,2011/02/01,,,,,
1103,포항대학교,,자동차,1996/03/01,2001/03/01,,,,,
1103,포항동지고등학교,,,1993/03/01,1996/03/01,,,,,
1104,금오공과대학교,기계공학과,,2007/03/01,2015/02/13,,,,,
1104,덕원고등학교,,,2004/02/01,2007/02/15,,,,,
1105,현대공업고등학교,,기계제도,1985/03/05,1988/02/10,고졸,,,,
1106,울산상업고등학교,,상업,1999/03/01,2002/02/01,,,,,
1107,울산경영고등학교,,,1992/03/01,1995/02/16,,,,,
1107,한국폴리텍VII,기계조립학과,,1994/03/01,1996/02/01,,,,,
1108,안동대학교,기계공학과,기계공학전공,2002/03/01,2009/02/01,,,001,,
1109,한밭대학교,생산가공학과,생산가공학과,2006/03/01,2013/02/01,대졸,,001,,
1110,경원고등학교,,,2003/03/03,2006/02/10,,,,,
1110,금오공과대학교,정보나노소재공학전공학과,정보나노소재공학,2006/03/02,2014/08/22,,,,,
1111,서라벌대학교,,경영,1998/03/01,2002/02/01,,,,,
1111,울산상업고등학교,,상업,1995/03/01,1998/02/01,,,,,
1112,동아대학교,,산업경영공학부,2011/03/01,2014/02/01,,,,,
1112,동양대학교,행정경찰복지학부,행정경찰복지,2007/03/01,2010/02/01,,,,,
1112,신정고등학교,,인문,2003/03/01,2006/02/01,,,,,
1113,,,,,,,,,,
1114,경남고등학교,,,2000/03/01,2003/02/01,,,,,
1114,동의대학교,기계공학과,기계공학과,2003/03/01,2010/02/01,,졸업,,,
1115,,,,,,,,,,
1116,서울디지털대학교,,경영학,2008/03/02,2010/02/01,대졸,,001,,
1116,인하공업전문대학교,,기계공학,1979/03/02,1981/02/01,,,,,
1116,창원경상고등학교,,,1976/03/02,1979/02/01,,,,,
1117,광양보건전문대학원,간호학과,,,,,,,,
1118,부산신도고등학교,,,1998/03/01,2001/02/01,,,,,
1118,울산과학대학,사회복지과,,2010/03/01,,,휴학,,,
1119,방송통신고등학교,,,1994/01/01,1997/01/01,,,,,
1120,양산고등학교,,,1991/01/01,1994/01/01,,,,,
1121,,,,,,,,,,
1122,봉화고등학교,,,1980/03/01,1985/02/22,,,,,
1123,기장고등학교,,,1985/03/01,1988/02/01,,,,,
1124,가야고등학교,,,1976/03/01,1979/02/01,,,,,
1125,울산여자상업고등학교,국제금융과,국제금융,2012/03/01,2015/02/01,,,,,
1126,보광고등학교,,인문,2006/03/03,2009/02/11,,,,,
1126,울산폴리텍대학,산업설비자동화과,,2009/03/02,2011/02/10,,,,,
1127,백영고등학교,,,1996/03/01,1999/02/01,,,,,
1127,학점은행대학교,경영학과,,2007/01/01,2012/02/01,,,,,
1128,선린전문대학교,보건행정학과,보건행정학과,2007/03/01,2009/02/01,,,,,
1128,포항해양과학고등학교,,,2004/03/01,2007/02/01,,,,,
1129,대구보성공업고등학교,기계과,,,,,,,,
1130,장안종합고등학교,,인문,1983/03/01,1985/02/01,,,,,
1131,부산전자공업고등학교,,,,,,,,,
1132,양산고등학교,,이과,1979/03/01,1982/02/01,,,,,
1133,금성고등학교,,,1973/03/01,1976/02/01,,,,,
1134,중앙대학교,,무역학,1985/03/02,1989/02/14,대졸,졸업,001,,
1134,충암고등학교,,,1982/03/02,1985/02/14,고졸,졸업,,,
1135,선산도계고등학교,,,1971/03/02,1974/02/01,,졸업,,,
1136,부산남일고등학교,,,1995/03/01,1998/02/01,,,,,
1136,울산과학대학교,,선박설계,1998/03/01,2004/02/01,,,,,
1137,경상대학교,신소재공학과,신소재공학과,1999/03/04,2006/02/20,,,,,
1137,경상대학원,나노신소재공학과,나노신소재공학과,2006/03/02,2008/02/22,,,,,
1138,대현고등학교,,,2012/03/01,2015/02/01,,,,,
1138,동국대학교,,,2015/03/01,,,,,,
1139,울산대학교,첨단소재공학부,첨단소재공학전공,2005/03/01,2013/02/01,,,,,
1139,울산정보통신고등학교,,,2002/03/01,2005/02/01,,,,,
1140,울산공업고등학교,,기계,1998/03/05,2001/02/14,,,,,
1141,능인고등학교,,,1999/03/01,2002/02/01,,,,,
1141,서울대학교,법학과,법학,2002/03/01,2008/02/01,,,,,
1142,계룡공업고등학교,기계과,,1979/02/01,1982/02/01,,,,,
1142,금오공과대학교,기계공학과,,1983/03/01,1989/02/01,,,,,
1143,동의대학교,컨벤션경영학과,,,,,,,,
1143,해운대공업고등학교,,,,,,,,,
1144,부산상업고등학교,,,,,,,,,
1145,동래고등학교,,,1974/03/06,1977/03/06,,,,,
1146,창녕제일고등학교,,,1985/03/02,1987/02/14,,,,,
1147,문창고등학교,,,1974/03/02,1977/01/17,,,,,
1147,포항전문대학교,,식품가공,1978/03/02,1980/03/02,,,,,
1148,부산동의공업고등학교,기계과,,,,,,,,
1149,부산공업고등학교,,,,,,,,,
1150,대전대학교,,법학,2014/02/01,,,,,,
1150,천안쌍용고등학교,,,2011/02/01,2014/02/01,고졸,,,,
1151,울산여자상업고등학교,국제금융과,국제금융,2012/03/02,2015/02/12,,,,,
1152,대구 대건고,,,1972/03/02,1975/01/31,,,,,
1152,영남대학교,,금속공학,1976/03/04,1980/02/22,,,,,
1152,영남대학교 대학원,,금속재료,1985/09/02,1988/02/22,,,,,
1153,국립금오공과대학교,,기계공학,2002/03/02,2008/09/15,,,,,
1154,방어진고등학교,,인문,2002/03/04,2005/02/15,,,,,
1154,울산대학교,,기계자동차공학부,2005/03/02,2013/02/15,,,,,
1155,울산대학교,,전기전자정보시스템공학,2006/03/02,2013/02/15,,,,,
1155,학성고등학교,,자연계열,2003/03/02,2006/02/15,,,,,
1156,인하대학교,,기계공학,2004/03/02,2011/08/17,,,,,
1156,호원고등학교,,인문,2001/03/02,2004/02/14,,,,,
1157,시립인천전문대학교,,전기과,1995/03/01,1998/02/01,,,,,
1157,인천기계공업고등학교,,전기과,1986/03/01,1989/02/01,,,,,
1158,동국대학교,,정보통계학,2000/03/01,2007/02/01,,,,,
1158,울산중앙고등학교,,,1997/03/01,2000/02/01,,,,,
1159,가야고등학교,,이과,2000/03/01,2003/02/01,,,,,
1159,동의대학교,,기계공학과,2003/03/01,2011/02/01,,,,,
1160,안동정보전문대학교,전자상거래학과,,1998/03/02,2003/02/01,,,,,
1161,양정고등학교,,,1990/03/02,1993/02/01,,,,,
1161,유한대학교,기계설계학과,기계설계학과,1993/03/02,1995/02/01,,,,,
1161,인하대학교,기계공학과,기계공학과,1998/09/01,2001/02/01,,,,,
1162,중앙고등학교,,,2001/03/02,2004/02/01,,,,,
1163,능인고등학교,,,2004/03/02,2007/02/01,,,,,
1163,울산대학교,첨단소재공학,,2007/03/02,2015/02/01,,,,,
1164,경북대학교,,경영학,2006/03/02,2014/08/22,,,,,
1165,국립경상대학교,,금속재료공학,1998/03/02,2003/02/01,,졸업,,,
1165,국립창원대학교,,기계공학,2007/03/02,2010/02/01,,졸업,001,,
1166,한일여자고등학교,,,        ,,,,,,
1167,,,,,,,,,,
1168,사천항공기능대학교,,항공기계,2002/03/04,2004/02/16,,,,,
1168,진주대동기계공업고등학교,,,1992/03/02,1995/02/06,,,,,
1169,동아인재전문대학교,,기계공학,1997/03/17,2001/02/22,,,,,
1169,목포공업고등학교,,기계과,1994/03/03,1997/02/13,,,,,
1169,목포국립대학교,,기계시스템공학,2001/03/02,2003/02/21,,,,,
1170,마산가포고등학교,,,2006/03/02,2009/02/01,,,,,
1170,부산부경대학교,금속공학과,,2009/03/02,2015/08/01,,,,,
1171,동원과학기술대학교,자동차과,,,2002/02/01,,,,,
1171,부산정보고등학교,,,,1995/02/01,,,,,
1172,거제종합고등학교,,,1995/03/04,1998/02/12,,,,,
1172,부산동명전문대학교,,기계자동화,1998/03/04,2003/02/14,,,,,
1173,단국대학교,,언론영상학,1999/03/02,2007/02/01,,,,,
1173,세화고등학교,,,1996/03/02,1999/02/01,,,,,
1174,현대공업고등학교,,자동차과,2002/03/02,2005/02/14,고졸,,001,,
1175,울산대학교,,전기공학과,1987/03/02,1994/02/14,대졸,,001,,
1175,해운대고등학교,,,1984/03/02,1987/02/14,고졸,,,,
1176,동국대학교,,정보통신공학,2004/03/02,2006/02/14,대졸,졸업,001,,
1176,동부산 전문대학,,정보통신,1999/03/02,2004/02/14,전문대졸,졸업,,,
1176,울산정보통신고등학교,,,1996/06/02,1999/02/14,고졸,졸업,,,
1177,삼천포고등학교,,,1972/03/02,1974/02/14,고졸,,001,,
1178,금정고등학교,,,2008/03/02,2011/02/14,고졸,졸업,,,
1178,동의과학대,,자동차과,2011/03/02,2015/02/14,전문대졸,졸업,001,,
1179,태화 종합 고등학교,,,,,,,,,
1180,울산공업고등학교,,건축 설계과,2004/03/02,2007/02/14,고졸,졸업,,,
1180,울산과학대학,,디지털콘텐츠디자인,2011/03/02,2013/02/14,전문대졸,졸업,001,,
1181,울산대학교,,해양 공과,1998/03/02,2006/02/24,대졸,졸업,001,,
1181,울산중앙고등학교,,,1995/03/02,1998/02/24,고졸,졸업,,,
1182,울산 공업고등학교,,건축설계과,2004/03/02,2007/02/14,고졸,졸업,,,
1182,울산과학대학,,디지털컨텐츠디자인,2008/03/03,2013/02/14,전문대졸,졸업,001,,
1183,대현고등학교,,,2007/03/02,2010/02/14,고졸,,001,,
1183,울산과학대학교,,컴퓨터 정보,2010/03/02,,,자퇴,,,
1184,창원 대산고등학교,,,2000/03/02,2003/02/14,고졸,,001,,
1185,성심정보고등학교,,관광 경영,2009/03/02,2011/02/14,고졸,졸업,,,
1185,한국폴리텍대학,,산업 설비(용접),2014/03/02,,전문대졸,졸업,001,,
1186,경진고등학교,,전자과,1995/03/02,1998/02/14,고졸,졸업,001,,
1187,대곡고등학교,,,1997/03/02,2000/02/14,고졸,,,,
1187,진주 전문대학,,,2000/03/02,2005/02/14,전문대졸,,001,,
1188,울산 공업 고등학교,,전기과,2000/03/06,2003/02/15,고졸,졸업,001,,
1189,경남 정보 전문대학,,방송영상,1998/03/02,2003/02/28,전문대졸,졸업,,,
1189,해운대 공업 고등학교,,전자,1994/03/02,1997/02/14,고졸,졸업,,,
1190,국가평생교육진흥원,,사회복지학,2005/03/05,2007/02/26,,,,,
1190,부경대학교,,해양생산시스템공학,1996/03/02,2000/02/25,대졸,,001,,
1191,,,,,,,,,,
1192,,,,,,,,,,
1193,,,,,,,,,,
1194,동의공업고등학교,,기계과,1969/03/05,1972/02/15,고졸,졸업,,,
1194,인천전문대학교,,기계설계,1978/03/05,,대졸,자퇴,001,,
1195,목포영흥고,,,1994/03/02,1997/02/05,고졸,졸업,,,
1195,한국항공대,,기계전공,1997/03/02,2006/02/05,대졸,졸업,,,
1195,한국항공대학원,,기계(용접)전공,2006/03/02,2008/07/04,대학원졸,졸업,001,,
1196,신림고등학교,,,,,고졸,졸업,,,
1196,인하대학교,,법학,,,대졸,졸업,,,
1197,,,,,,,,,,
1198,덕일전자공업고등학교,,정보통신과,2011/03/01,2014/03/01,고졸,졸업,,,
1199,청용자동차고등학교,,자동차 정비,2011/03/01,2014/03/14,고졸,,,,
1200,국민대학교,,전자공학,2008/03/02,2015/08/05,대졸,졸업,001,,
1200,대송고등학교,,,2005/03/02,2008/02/05,고졸,,,,
1201,인하대학교,,금속공학,1974/03/01,1978/02/24,대졸,,001,,
1201,평택고등학교,,,1972/03/01,1974/02/24,고졸,,,,
1202,태안고등학교,,,,,중졸,자퇴,001,,
1203,기장종합고등학교,,,,,,,,,
1204,한국 고등 기술학교,,,,,,,,,
1205,부산 기계 공업 고등학교,,,,,,,,,
1206,울산 공업고등학교,,건축,,,,,,,
1206,울산 과학대학교,,기계,,,,,,,
1207,경북대학교,경영학부,경영학부,2009/03/02,2015/02/25,대졸,졸업,001,,700
1207,정화여자고등학교,,,2006/03/02,2009/02/15,고졸,,,,
1208,포항전문대학,,세무부동산,2001/02/28,2007/02/09,대졸,졸업,,,
1208,현대정보과학고등학교,,전기과,1998/03/02,2001/02/14,고졸,졸업,,,
1209,영선고등학교,,,1986/03/02,1989/02/15,고졸,,,,
1209,조선대학교,,원자력,1989/03/02,1993/02/15,대졸,,,,
1209,조선대학교 일반대학원,,원자력,1993/08/02,2002/08/15,대학원졸,,,,
1210,부경대학교,,시스템경영공학과,2000/03/02,2011/02/14,대졸,졸업,001,,
1210,합포고등학교,,,1997/03/02,2000/02/14,고졸,졸업,,,
1211,한강미디어고등학교,,산업디자인과,2012/03/02,2014/02/14,고졸,졸업,001,,
1212,인제대학교,,언론정보학과,2004/03/02,2014/02/14,대졸,졸업,001,,
1212,창원 경일고등학교,,,2001/03/02,2004/02/14,고졸,졸업,,,
1213,울산대학교,,철학학과,2002/03/02,2012/02/14,대졸,졸업,001,,
1214,창원기계공업고등학교,,,1994/03/02,1997/02/14,고졸,,001,,
1215,광주상업고등학교,,,1999/03/02,2002/02/14,고졸,졸업,,,
1215,조선이공전문대학,,,2002/03/02,2007/02/14,전문대졸,졸업,001,,
1216,울산여자상업고등학교,,국제금융,2012/03/02,2015/02/14,고졸,졸업,001,,
1217,한국해양대학교,,기계공학,1982/03/02,1989/02/14,대졸,졸업,001,,
1217,해동고등학교,,,1978/03/02,1981/02/14,고졸,졸업,,,
1218,울산제일고등학교,,,2012/03/02,2015/02/14,고졸,졸업,001,,
1219,부산가톨릭대학교,,,2012/03/02,2015/02/14,대졸,졸업,,,
1219,울산제일고등학교,,컴퓨터공학,2015/03/02,,고졸,휴학,001,,
1220,국립경상대학교,,생물산업기계공학,1992/03/02,1999/03/14,대졸,졸업,001,,
1220,해성고등학교,,,1989/03/02,1992/02/14,고졸,졸업,,,
1221,광명고등학교,,,2003/03/02,2006/02/14,고졸,졸업,,,
1221,동명대학교,,실내건축(중퇴),2006/03/02,2011/02/14,대졸,자퇴,,,
1221,부경대학교,,기계시스템(편입),2011/03/02,2015/08/14,대졸,졸업,001,,
1222,과학기술대학교,,기계설계자동화공학부,2001/03/05,2003/02/21,대졸,졸업,001,,
1222,동양미래대학교,,기계과,1992/03/05,1996/01/20,전문대졸,졸업,,,
1222,영등포공업고등학교,,기계과,1989/03/02,1992/01/30,고졸,졸업,,,
1223,울산대학교,,기계공학부,2008/03/03,2015/02/13,대졸,졸업,001,,
1223,진주 동명고등학교,,,2004/03/01,2007/02/14,고졸,졸업,,,
1224,경성대학교,,전기전자공학부,2015/03/02,,대졸,,,,
1224,함월고등학교,,,2012/03/02,2015/02/14,고졸,졸업,001,,
1225,경주대학교 ,,항공학과,2015/03/02,,,,,,
1225,함월고등학교,,,2012/03/02,2015/02/14,고졸,졸업,001,,
1226,한국국제대학교,,소방방재학과,2015/03/02,,대졸,,,,
1226,함월고등학교,,,2012/03/02,2015/02/14,고졸,졸업,001,,
1227,울산여자상업고등학교,,국제금융과,2012/03/02,2015/02/10,고졸,졸업,001,,
1228,가락고등학교,,,1990/03/02,1993/02/24,고졸,졸업,,,
1228,경복대학,,경영학,1998/03/02,2000/02/24,전문대졸,졸업,001,,
1229,태화고등학교,,,1982/03/05,1985/02/12,고졸,졸업,001,,
1230,서울보성고등학교,,,1896/03/02,1989/02/14,고졸,졸업,,,
1230,시립인천대학교,,기계공학과,1991/03/02,1998/02/14,대졸,졸업,,,
1230,아주대학교 대학원,,기계공학과,2001/03/02,2003/02/14,대학원졸,졸업,001,,
1231,숭실대학교,,기계공학,2005/03/02,2011/08/14,대졸,졸업,,,
1231,인천전문대학,,기계공학,2003/03/02,2005/02/14,전문대졸,졸업,,,
1232,경성대학교,,신소재공학과,2007/03/02,2012/11/26,대졸,졸업,,,
1232,부경대학교,,재료공학과,2013/03/04,2015/08/21,대졸,졸업,,,
1232,사직고등학교,,,2004/03/04,2007/02/28,고졸,졸업,,,
1233,,,,,,,,,,
1234,울산과학대학,,기계공학부,2010/03/02,2015/02/14,전문대졸,졸업,001,,
1234,울산마이스터고등학교,,전자기계과,2007/03/02,2010/02/14,고졸,졸업,,,
1235,울산정보통신고등학교,,,2006/03/02,2009/02/24,고졸,,,,
1235,한국폴리텍VII전문대,,산업설비자동화과,2009/03/02,2013/02/14,전문대졸,,,,
1236,대동고등학교,,,2004/03/02,2007/02/20,고졸,,,,
1236,부경대학교,,대기환경학과,2007/03/02,2014/02/20,대졸,,,,
1237,부산고등학교,,,1972/03/02,1975/02/24,고졸,졸업,,,
1237,부산대학교,,화학기계학과,1975/03/02,1983/02/24,대졸,졸업,001,,
1237,창원대학교 경영대학원,,,2014/08/01,,대학원졸,,,,
1238,내성고,,,1982/03/02,1985/02/24,고졸,,,,
1238,서울대학교,,법학,1985/03/02,1989/02/24,대졸,,001,,
1239,계명대학교,,무역학,1989/03/02,1996/02/24,전문대졸,졸업,001,,
1239,대건고등학교,,,1986/03/02,1989/02/24,고졸,졸업,,,
1239,서강대학교 대학원,,,2002/03/02,2003/02/24,대학원졸,기타,,,
1240,중앙대학교,,전자전기공학,2006/03/02,2013/08/23,대졸,,,,
1240,현대고등학교(서울),,,2001/03/02,2004/02/24,고졸,,,,
1241,,,,,,,,,,
1242,,,,,,,,,,
1243,대양전자정보고등학교,,,1998/03/02,2001/02/24,고졸,졸업,,,
1243,동명대학,,관광레져경영학과,2001/03/02,2006/02/24,전문대졸,졸업,001,,
1244,,,,,,,,,,
1245,북평고등학교,,,1976/03/05,,고졸,,001,,
1246,경남공업고등학교,,일반판금,1976/03/02,1979/02/24,고졸,졸업,,,
1246,부산공업전문대학,,일반기계,1979/03/02,1981/02/24,전문대졸,졸업,001,,
1247,부산대학교,,기계설계학과,1980/03/02,1987/07/24,대졸,,001,,
1248,남고등학교,,,1980/03/01,1983/02/24,고졸,졸업,,,
1248,부산대학교,,기계공학과,1983/03/02,1991/02/24,대졸,졸업,001,,
1249,동양미래대학,,기계설계과,1979/03/02,1981/02/24,전문대졸,졸업,001,,
1249,수도전기공업고등학교,,,1976/03/02,1979/02/24,고졸,졸업,,,
1250,울산공업고등학교,,전기과,1985/03/02,1988/02/24,고졸,졸업,,,
1250,울산과학대학,,전기과,1996/03/02,1998/03/02,전문대졸,졸업,001,,
1251,울산남고등학교,,,1998/03/02,1991/02/24,,,,,
1251,울산대학교,,재료공학과,1991/03/02,1999/02/02,대졸,,,,
1252,창원대학교,,법학,1989/03/02,1996/02/16,대졸,졸업,,,
1253,,,,,,,,,,
1254,,,,,,,,,,
1255,영산대학교,,건축학과,2003/03/01,2009/02/01,대졸,,,,
1255,홍명고등학교,,,2000/03/01,2002/02/01,고졸,,,,
1256,대광고,,,1996/03/02,1999/02/23,고졸,졸업,,,100
1256,명지대학교,,경영학,1999/03/02,2007/02/22,대졸,졸업,,,100
1256,중앙대학교 대학원,,인적자원개발학,2014/03/02,2016/02/23,대학원졸,졸업,001,,100
1257,경상고등학교,,,2001/03/01,2004/02/14,고졸,,,,
1257,부산대학교,,화학공학과,2004/03/01,2012/02/14,대졸,,001,,
1258,수원북중,,,1966/03/02,1969/02/05,,,,,
1259,,,,,,,,,,
1260,,,,,,,,,,
1261,,,,,,,,,,
1262,,,,,,,,,,
1263,,,,,,,,,,
1264,,,,,,,,,,
1265,,,,,,,,,,
1266,,,,,,,,,,
1267,,,,,,,,,,
1268,,,,,,,,,,
1269,광성고,,,1993/03/02,1996/02/10,고졸,,,,
1269,김포대,,정보통신,1997/03/02,2002/02/05,대졸,,,,
1269,한국항공대,,항공기계전공,2002/03/02,2005/02/05,대졸,,001,,
1270,,,,,,,,,,
1271,,,,,,,,,,
1272,부산진고,,,1994/03/02,1997/02/14,고졸,졸업,,,
1272,영산대,,법학,2003/03/03,2007/02/15,대졸,,001,,
1272,한국해양대,,,1997/03/03,2001/06/22,대졸,졸업,,,
1273,성신여자대,법학과,법학,2011/03/01,2016/08/25,대졸,,001,,
1273,울산여자고,,,2008/03/01,2011/02/01,,,,,
1274,국립진주산업대,,,2002/03/02,2006/02/24,대졸,,001,,
1274,마산공업고,,,1984/03/02,1987/02/24,고졸,,,,
1275,울산대,,화학공학,2000/03/01,2007/02/15,대졸,,,,
1275,울산대학원,,화학공학,2008/03/01,2010/02/15,대학원졸,졸업,001,,
1276,울산중앙고,,,1994/03/02,1992/02/24,,,,,
1276,위덕대,,전기공학,1997/03/02,2005/02/24,대졸,,001,,
1277,진주경상대,,금속재료공학,1999/02/01,2007/02/24,대졸,,001,,
1278,대구공업고,,기계,1976/03/04,1979/01/06,고졸,,001,,
1279,서울과학기술대,,기계공학,1985/03/02,1987/02/24,대졸,,001,,
1279,유한대,,기계공학,1979/03/02,1981/02/24,전문대졸,,,,
1279,천안고,,,1976/03/02,1979/01/24,고졸,,,,
1280,명지대,,전기전공,1998/03/03,2005/08/16,대졸,,001,,
1280,우신고,,,1995/03/02,1998/02/12,고졸,,,,
1281,함안종합고,,,1997/02/08,1980/03/05,고졸,졸업,001,,
1282,부경대,전기제어계측공학과,전기제어계측공학과,2003/03/02,2011/02/25,대졸,졸업,001,,
1282,양정고,,,2000/03/02,2003/02/15,고졸,졸업,,,
1283,울산대,,재료공학과,1984/03/02,1989/02/02,대졸,,001,,
1283,울산학성고,,,1981/03/02,1984/02/02,고졸,,,,
1284,울산대,조선전공학과,조선전공,1991/03/02,1998/02/10,대졸,,001,,
1284,울산중앙고,,,1988/03/02,1991/02/10,고졸,,,,
1285,울산고등,,,1996/03/02,1999/02/05,,졸업,,,
1285,울산대학교,재료공학과,재료공학,1999/03/02,2006/02/05,대졸,졸업,001,,
1286,문창고,,,1974/03/02,1977/01/20,,,,,
1286,포항전문대,식품가공학과,식품가공학,1978/03/02,1980/01/20,전문대졸,,001,,
1287,,,,,,,,,,
1288,,,,,,,,,,
1289,,,,,,,,,,
1290,부산기계공업고,,,1988/03/02,1991/02/05,,,,,
1291,동의과학대,실내건축디자인,실내건축디자인,2004/03/02,2005/02/07,전문대졸,,001,,
1291,부산정보과학고,,인터넷비지니스,2001/03/02,2004/02/07,고졸,,,,
1292,창업기계공업고,,기계조립,2002/03/02,2005/02/07,고졸,,001,,
1293,영남상업고,,,1990/03/02,1993/02/07,고졸,,001,,
1294,경남외국어고,,,1997/03/02,2000/02/20,고졸,,,,
1294,울산과학대,전기전공,전기전공,2007/03/02,2009/02/20,전문대졸,,001,,
1295,부산공업고,,전기,2005/03/02,2008/02/07,고졸,,,,
1295,창원폴리텍대,전기,전기,2008/03/02,2012/02/07,전문대졸,,001,,
1296,대구서부공고,전자기계과,전자기계,2005/03/02,2008/02/12,고졸,,001,,
1297,경안고,,,1998/03/02,2001/02/07,고졸,,,,
1297,동양대,기계과,기계과,2001/03/02,2008/02/07,대졸,,001,,
1298,울산제일고,,,2003/03/02,2006/02/07,고졸,,001,,
1299,양산고,,,2007/03/02,2009/02/07,고졸,,001,,
1300,성안고,,,2008/03/02,2011/02/07,고졸,,001,,
1301,울산미용예술고,,정보처리과,2009/03/02,2012/02/07,,,,,
1301,울산폴리텍대,산업설비자동화과,산업설비자동화과,2015/03/02,2017/02/07,전문대졸,,001,,
1302,서창고,,,2009/03/02,2012/02/07,,,,,
1302,한국폴리텍대,산업설비자동화과,,2012/03/02,2017/02/07,전문대졸,,001,,
1303,구룡포종합고,동력기계과,,2009/03/02,2012/02/07,,,,,
1303,울산폴리텍대,산업설비자동화과,산업설비자동화과,2015/03/02,2017/02/07,전문대졸,,001,,
1304,울산폴리텍대,산업설비자동화과,,2015/03/02,2017/02/17,전문대졸,,001,,
1304,호남고,,,2004/03/02,2007/02/07,,,,,
1305,울산상업고,,,1999/03/02,2002/02/05,고졸,졸업,,,
1305,한국폴리텍7대학,컴퓨터응용기계과,컴퓨터응용기계과,2002/03/02,2006/02/05,전문대졸,졸업,001,,
1306,신정고,,,1997/03/02,1999/02/07,,,,,
1306,울산대,법학과,법학과,2000/03/02,2008/02/07,대졸,,001,,
1307,울산대학교,국어국문학과,국어국문학,1997/03/02,1999/02/23,대졸,졸업,001,,
1308,경남대대학원,,공학석사,2001/03/02,2003/02/05,대학원졸,졸업,,,
1308,부산대,,전기공학과,1979/03/02,1986/02/05,,졸업,,,
1308,진주고,,,1975/03/02,1979/02/05,,졸업,,,
1309,동국대,,행정학과,1986/03/04,1993/02/24,대졸,졸업,001,,
1309,문화고,,,1982/03/02,1985/02/15,,졸업,,,
1310,동명대,,간호학,2011/03/02,2015/02/25,대졸,졸업,001,,
1311,충남대,,영어영문학과,1976/03/02,1983/02/05,대졸,졸업,001,,
1312,배문고,,,1987/03/02,1990/02/15,고졸,졸업,,,
1312,서울과학기술대,전기공학과,전기공학과,2009/03/02,2011/02/15,,졸업,,,
1312,서울시립대학원,전자전기공학과,전자전기공학과,2012/03/02,2014/08/15,대학원졸,졸업,,,
1312,인천대,제어계측학과,제어계측학과,1991/03/02,1996/02/15,,졸업,,,
1313,경남대,경찰행정학과,경찰행정,2007/03/02,2011/02/15,대졸,졸업,001,,
1313,남창고,,,2004/03/02,2007/02/15,고졸,졸업,,,
1314,대동고,,,2007/03/02,2010/02/12,,,,,
1314,울산대,경제학과,경제학전공,2010/03/02,2017/02/17,대졸,,001,,
1315,영산대,게임공학과,,2002/03/02,2009/02/05,,졸업,,,
1315,울산과학대,환경화학공학부,,2013/03/02,2015/02/05,전문대졸,졸업,001,,
1315,웅상고,,,1999/03/02,2002/02/05,,,,,
1316,경주정보고,,,1999/03/02,2003/02/05,,,,,
1316,동국대경주캠퍼스,경영학과,경영학(회계학),2003/03/02,2010/02/05,대졸,졸업,,,
1317,현대정보과고,,,2004/03/02,2007/02/05,고졸,,,,
1318,마산고등학교,,,1977/03/02,1980/02/24,,,,,
1318,한양대학교 ,,정밀기계공학과,1981/03/02,1987/02/24,대졸,,,,
1319,창원문성대학,조선생산관리학과,조선생산관리,2009/03/02,2011/02/05,전문대졸,,001,,
1320,대구경북고,,,2006/03/02,2009/02/17,고졸,,,,
1321,영주공업고,,기계전공 ,1977/03/02,1980/02/05,고졸,졸업,001,,
1322,대원외국어고,,서반아어,1997/03/02,2000/02/24,,졸업,,,
1322,부산대 법전원,법학,법학,2014/03/02,2017/02/24,대학원졸,졸업,001,,
1322,서울대,밥학,법학,2000/03/02,2006/02/24,,졸업,,,
1323,마산중앙,,,2007/03/02,2010/02/05,,,,,
1323,울산대,재료공학과,재료공학,2010/03/02,2017/02/17,대졸,,001,,
1324,명덕고,,,1993/03/02,1996/03/02,,졸업,,,
1324,서울대,법학과,,1997/03/02,2007/03/02,대졸,졸업,001,,
1325,경희대,국제관계학과,,2000/03/02,2008/02/20,대졸,,001,,
1325,울산제일고,,,1997/03/03,2000/02/16,,,,,
1326,순천고,,,1980/03/02,1983/02/05,,졸업,,,
1326,전남대,기계공학과,기계공학과,1984/03/02,1992/02/05,,졸업,,,
1327,동아대,컴퓨터공학,컴퓨터공학,1988/03/02,1993/02/10,대졸,졸업,001,,
1327,배정고,,,1984/03/02,1987/02/10,,,,,
1328,여천고,,,1995/03/02,1998/02/05,,,,,
1328,전남대(여수),기계공학과,기계공학,1998/03/02,2005/02/05,,,001,,
1329,대구대,기계공학과,기계공학,2000/03/02,2007/02/05,,,,,
1329,울산제일고,,,1997/03/02,2000/02/05,,,,,
1330,인창고,,,1971/03/02,1974/02/05,,,,,
1330,인하대,기계공학과,기계공학과,1974/03/06,1981/02/24,,,,,
1331,수원과학대,금형설계과,,1998/03/02,2003/02/14,,,,,
1331,충남대,기계설계공학과,,2003/03/03,2005/02/25,,,,,
1331,효명고,,,1995/03/02,1998/02/20,,,,,
1332,경성대,산업경영공학,,2006/03/02,2012/02/17,,,,,
1332,동인고,,,2003/03/03,2006/02/20,,,,,
1332,부산대,산업공학,,2012/03/02,2013/05/01,,,,,
1332,Northern IIIinois Univ,경영학,,2015/08/17,2016/08/07,,,,,
1333,한국항공대,기계공학과,,2010/03/02,2016/08/19,,,,,
1334,대연고,,,2006/03/02,2009/02/10,,,,,
1334,부산대,철학과,철학과,2010/03/02,2018/02/23,,,,경영학과,
1335,거창기능대,기계설계,,2004/03/02,2006/02/20,,,,,
1335,서울과학기술대,,,2006/03/02,2012/08/24,대졸,,,,
1335,포항제철공업고,자동차,,2001/03/02,2004/02/20,,,,,
1336,수원북중,,,1966/03/02,1969/02/05,,,,,
1337,국립부산기계공업고,기계학과,,1975/03/02,1978/02/05,,,,,
1338,우신고,,,2007/03/02,2010/02/05,,,,,
1338,울산대,건설환경공학,건설환경공학부,2010/03/02,2016/08/02,대졸,졸업,001,,
1339,경신중,,,1971/03/02,1974/02/05,,,,,
1339,단국대,기계공학,기계공학,1977/03/02,1984/02/05,대졸,졸업,001,,
1339,우신고,,,1974/03/02,1977/02/05,,,,,
1340,경남전문대,기계설계,,1993/03/02,1995/02/05,,,,,
1340,대동고,,,1990/03/02,1993/02/05,,,,,
1340,울산대,기계,기계,1995/03/02,2001/02/05,대졸,졸업,001,,
1341,울산대,기계자동차학과,기계자동차학과,2011/03/02,2018/02/07,대졸,졸업,001,,
1341,함월고,,,2008/03/02,2011/02/07,고졸,,,,
1342,인하대학교,금속공학,금속공학,1974/03/02,1978/02/26,대졸,졸업,,,
1342,평택고등학교,,,1972/03/02,1974/02/25,,졸업,,,
1343,대구대학교,자동차공학,자동차공학,2001/03/04,2008/02/25,대졸,졸업,,,
1343,울산중앙고등학교,,,1998/03/03,2001/02/24,,졸업,,,
1344,마산공업고,,,1993/03/06,1996/02/15,고졸,,,,
1344,마산양덕초,,,1984/03/03,1990/02/23,,,,,
1344,마산중앙중,,,1990/03/03,1993/02/25,,,,,
1345,대동기계공업고,,일반판금,1993/03/03,1996/02/14,,,,,
1346,울산대학교,,법학,2009/03/01,2016/02/23,대졸,졸업,001,,
1347,동산고등학교,,,2003/03/03,2006/02/23,,,,,
1347,부산대학교,,법학,2007/03/03,2016/08/23,,,,,
1348,부산예술고등학교,,미술(서양화),2006/03/01,2009/02/23,,,,,
1348,영산대학교,,경영학,2010/03/01,2012/03/03,대졸,,,,
1348,울산대학교,,경영학,2012/03/01,2015/02/01,대졸,,,,
1349,마산중앙고등학교,,,2002/03/03,2005/02/23,,,,,
1349,창원대학교,,경영학,2005/03/03,2011/08/23,대졸,,,,
1350,광덕고등학교,,,1986/03/02,1989/02/23,,,,,
1350,전남대학교(여수),,냉동공학과,1989/03/02,1997/02/23,대졸,,,,
1351,방어진고등학교,,,2006/03/02,2009/02/19,,,,,
1351,울산대학교,,기계공학부,2009/03/02,2016/02/19,,,,,
1351,울산대학교 대학원,,융합기술공학과,2016/03/02,2018/02/09,대학원졸,,,,
1352,대아고,,,1985/03/02,1988/02/24,고졸,,,,
1352,한양대학교,,경영학,1989/03/02,1996/02/24,대졸,,,,
1353,전남대학교(여수),,,2002/03/02,2008/02/28,대졸,,,,
1353,한영고등학교,,,1999/03/02,2002/02/28,,,,,
1354,동아대학교,,신소재공학과,2013/03/03,2019/02/28,대졸,,,,
1354,양정고등학교,,,2010/03/03,2013/02/28,,,,,
1355,동국대학교(경주),,회계학,2000/03/01,2007/08/24,대졸,,,,
1356,,,,,,,,,,
1357,거창대성고등학교,,,1988/03/02,1991/02/14,고졸,졸업,,,
1357,울산전문대학,공업경영과,공업경영,1992/03/02,1997/02/04,전문대졸,졸업,001,,
1358,울산현대고등학교,,,1999/03/01,2002/02/01,,,,,
1358,충북대학교,,구조시스템공학과,2002/03/01,2009/02/01,,,,,
1359,대성고등학교,,,1980/03/03,1983/02/11,,,,,
1359,불광중학교,,,1977/03/02,1980/02/12,,,,,
1359,성균관대학교,,화학공학,1983/03/02,1990/02/24,,,,,
1359,은평초등학교,,,1971/03/02,1977/02/09,,,,,
1360,부경대학교,,식품공학,2003/03/01,2010/02/25,대졸,,,,
1361,백제예술대학교,,American Legal Studies,2006/03/02,2010/02/02,,,,,
1361,부경대학교,,국제법무,2012/03/02,2014/02/21,,,,,
1361,한동대학교 국제법률대학원,,법학,2014/02/18,2016/06/24,,,,,
1361,Regent School of Laq,,실용음악,2016/06/27,2016/12/17,,,,,
1362,브니엘고등학교,,,2004/03/02,2007/02/24,,,,,
1362,울산대학교,,건축학과,2007/03/02,2014/02/24,대졸,졸업,,,
#N/A,영남대학교,,기계공학과,1980/03/04,1987/02/21,대졸,,,,
#N/A,영신고등학교,,,1997/03/02,1980/02/06,,,,,
#N/A,울산대 자동차선박기술대학원,,생산기술,2010/03/02,2013/02/24,대학원졸,졸업,,,
#N/A,울산대학교,,재료금속학과,2002/03/02,2009/02/24,대졸,졸업,,,
#N/A,우신고등학교,,,2010/03/02,2013/02/24,,졸업,,,
#N/A,울산폴리텍대학,,,2017/03/02,2019/02/24,전문대졸,졸업,,,
1363,,,,,,,,,,
1364,구미고등학교,,,1984/03/02,1987/02/24,고졸,졸업,,,
1364,서울대학교,,신문학,1987/03/02,1994/02/24,대졸,졸업,001,,
1365,,,,,,,,,,
1366,,,,,,,,,,
1367,부천고등학교,,,1994/03/02,1997/02/24,고졸,,,,
1367,서울대학교,,법학,1997/03/02,2006/02/24,대졸,,,,
1368,,,,,,,,,,
1369,,,,,,,,,,
1370,,,,,,,,,,
1371,,,,,,,,,,
1372,,,,,,,,,,
1373,,,,,,,,,,
1374,,,,,,,,,,
1375,서울시립대,,경영학,1990/03/02,1997/02/24,대졸,,,,
1375,용문고,,,1987/03/02,1990/02/24,고졸,,,,
1376,,,,,,,,,,
1377,,,,,,,,,,
1378,,,,,,,,,,
1379,,,,,,,,,,
1380,,,,,,,,,,
1381,동원과학기술대학,,,2014/03/02,2016/01/24,전문대졸,졸업,001,,
1381,울산여자상업고,,,2011/03/02,2014/02/24,고졸,,,,
1382,동국대,화학공학,,1981/03/02,1988/02/24,,졸업,001,,
1382,배명고,,,1976/03/02,1979/02/24,,,,,
1383,,,,,,,,,,
1384,대구덕원고,,,1989/03/02,1992/02/24,,,,,
1384,영남대,금속공학과,,1992/03/02,2000/02/22,대졸,졸업,001,,
1385,울산대,물리학,물리학,1990/03/02,1998/02/24,,졸업,,,
1386,부산동의전문대,기계설계과,,1996/03/02,1998/02/15,,,,,
1386,부산중앙고,,,1987/03/02,1990/02/15,,,,,
1386,Lawrenc Technological University,Mechanical Engineering,,2001/08/26,2004/05/16,,,,,
1387,부평고,,,1995/03/02,1998/02/24,,,,,
1387,한양대,기계공학과,기계공학,1998/03/02,2007/02/24,,졸업,001,,
1388,NOBEL UNIVERSITY,경영학,,2002/01/22,2005/12/16,,,001,,
1388,WESTLAKE HIGH SCHOOL,,,1994/03/02,1998/02/24,,,,,
1389,강릉고,,,1997/03/02,2000/02/18,,,,,
1389,대구과학대,컴퓨터통신전공,컴퓨터통신전공,2000/03/02,2002/02/21,,,,,
1389,세종대,항공우주공학전공,항공우주공학전공,2005/03/02,2007/02/18,,졸업,001,,
1390,경화여자고,,,2004/03/02,2007/02/28,,,,,
1390,영남대,통계학,,2007/03/02,2012/02/22,대졸,졸업,001,,
1391,동일여자상업고등학교,국제항공서비스학과,,2011/03/02,2014/02/05,,,001,,
1392,남창고,,,2007/03/02,2010/02/07,고졸,졸업,,,
1392,울산대,일본어일본학과,일본어일본학과,2010/03/02,2015/08/07,대졸,,001,,
1393,대산고,,,2006/03/02,2009/02/05,고졸,졸업,001,,
1394,부산예술고,,,2006/03/02,2009/02/07,,,,,
1394,영산대,경영학,경영학,2010/03/02,2012/02/07,,수료,,,
1394,울산대,경영학,경영학,2012/03/02,2015/02/07,대졸,졸업,001,,
1395,,,,,,,,,,
1396,성광여자고등학교,,,2005/03/02,2008/02/07,,,,,
1396,울산대학교,회계학과,,2008/03/02,2013/08/07,대졸,졸업,,,
1397,울산여자상업고,행정사무과,,2011/03/02,2014/02/05,고졸,졸업,001,,
1398,,,,,,,,,,
1399,구일고등학교,,,1992/03/03,1995/02/28,,,,,
1399,연세대학교,,경제학,1995/03/03,2004/02/28,,,,,
1400,동천고등학교,,,2010/03/03,2013/02/28,,,,,
1400,울산과학대학교,,실무외국어과,2013/03/03,2015/02/28,,,,,
1401,경기여고,,,1988/03/01,1991/02/28,,,,,
1401,이화여대,,법학,1991/03/01,1995/02/28,,,,,
1401,이화여대,,법학,1995/09/01,1997/08/28,대학원졸,,,,
1402,생활과학고등학교,,유아교육과,2008/03/01,2011/02/21,,,,,
1402,울산과학대학,,세무회계과,2011/03/01,2013/02/21,,,,,
